screening_score,recommendation_rank,skill_overlap,gap_ratio,nice_skill_overlap,has_cv,cover_letter_words,has_phone,seniority_tier,required_skill_count,nice_skill_count,location_signal,was_shortlisted,reached_interview,days_to_offer,days_to_respond,interview_rounds,interview_format_video,interview_format_phone,interview_format_inperson,label_hired,label_accepted
63,3,0.75,0.25,0.25,1,182,1,2,6,1,1,1,1,59,2,5,0,0,1,1,0
75,4,0.5,0.5,1.0,1,117,1,2,3,4,1,1,1,74,8,1,0,0,1,1,1
65,3,0.5,0.5,0.5,1,160,1,1,4,4,1,1,0,9,4,5,1,0,0,1,0
71,3,0.75,0.25,0.75,1,266,1,1,3,3,1,1,0,52,12,1,1,0,0,1,1
53,3,0.75,0.25,1.0,1,117,1,1,7,1,1,1,0,29,9,5,1,0,0,1,1
58,3,0.75,0.25,0.75,1,178,1,1,7,1,1,1,0,53,5,1,1,0,0,1,1
84,4,1.0,0.0,0.25,1,291,1,1,4,1,1,1,0,18,9,4,1,0,0,1,1
77,4,0.75,0.25,0.5,1,98,1,1,4,3,0,1,0,35,10,1,0,1,0,1,1
84,4,0.5,0.5,0.5,1,214,1,3,4,1,0,1,1,67,10,1,1,0,0,1,1
63,3,0.75,0.25,0.5,1,266,1,2,8,2,0,1,1,57,6,5,1,0,0,1,1
68,3,1.0,0.0,0.75,1,267,1,1,5,4,0,1,0,42,8,1,0,1,0,1,1
65,3,0.5,0.5,1.0,1,168,1,2,7,4,0,1,1,69,1,1,1,0,0,1,1
59,3,0.75,0.25,1.0,1,122,1,1,5,4,0,1,0,43,6,1,0,0,1,1,1
66,3,0.75,0.25,0.75,1,185,1,1,7,2,0,1,0,29,6,1,1,0,0,1,1
67,3,0.5,0.5,0.5,1,232,1,1,6,3,0,1,0,43,8,5,0,0,1,1,0
66,3,1.0,0.0,0.75,1,308,1,3,4,1,0,1,1,62,14,1,1,0,0,1,1
63,3,1.0,0.0,1.0,1,213,1,1,8,4,1,1,0,58,14,1,0,0,1,1,1
59,3,1.0,0.0,0.5,1,179,1,1,7,1,0,1,0,26,7,1,0,0,1,1,1
71,3,0.5,0.5,0.75,1,285,1,4,7,3,1,1,1,126,10,2,0,1,0,1,1
65,3,0.75,0.25,0.75,1,243,1,1,8,3,1,1,0,30,2,5,0,0,1,1,1
62,3,1.0,0.0,1.0,1,191,1,2,4,4,0,1,1,35,7,1,0,1,0,1,1
85,4,0.5,0.5,0.5,1,280,1,1,3,2,1,1,0,39,10,5,1,0,0,1,0
72,3,0.75,0.25,0.75,1,291,1,3,6,1,1,1,1,81,10,1,0,0,1,1,1
62,3,0.75,0.25,1.0,1,164,1,1,4,4,0,1,0,20,14,1,1,0,0,1,1
58,3,0.75,0.25,0.75,1,115,1,1,5,3,1,1,0,38,7,2,1,0,0,1,0
64,3,0.75,0.25,1.0,1,223,1,4,4,2,1,1,1,85,13,4,1,0,0,1,1
80,4,0.25,0.75,0.5,1,85,1,1,5,2,0,1,0,64,14,1,0,1,0,1,0
69,3,0.75,0.25,1.0,1,283,1,2,5,2,1,1,1,65,9,1,0,1,0,1,1
69,3,0.5,0.5,1.0,1,291,1,3,5,2,1,1,1,118,2,3,0,1,0,1,1
70,3,0.75,0.25,1.0,1,282,1,4,7,2,1,1,1,27,6,3,0,1,0,1,1
72,3,0.75,0.25,1.0,1,232,1,1,6,2,1,1,0,33,11,4,1,0,0,1,1
67,3,0.75,0.25,1.0,1,291,1,2,5,2,1,1,1,40,9,2,1,0,0,1,1
61,3,0.5,0.5,0.25,1,180,1,1,3,1,1,1,0,76,14,1,1,0,0,1,1
63,3,0.75,0.25,0.75,1,245,1,2,6,4,1,1,1,22,12,3,1,0,0,1,0
67,3,0.75,0.25,0.25,1,237,1,1,4,1,1,1,0,31,1,2,0,1,0,1,0
66,3,1.0,0.0,1.0,1,207,1,1,4,1,1,1,0,45,13,1,1,0,0,1,1
62,3,0.5,0.5,0.75,1,128,1,1,5,1,1,1,0,27,6,1,0,0,1,1,0
63,3,0.75,0.25,0.25,1,239,1,1,3,4,1,1,0,37,12,1,0,0,1,1,1
66,3,0.5,0.5,1.0,1,310,1,1,5,2,1,1,0,24,8,5,1,0,0,1,1
67,3,1.0,0.0,0.25,1,262,1,2,4,2,1,1,1,49,7,2,0,1,0,1,1
64,3,0.75,0.25,0.75,1,181,1,1,8,2,1,1,0,21,2,1,0,0,1,1,1
70,3,0.75,0.25,1.0,1,308,1,1,8,1,1,1,0,24,2,1,0,0,1,1,1
63,3,0.25,0.75,0.75,1,213,1,1,3,2,0,1,0,21,9,1,1,0,0,1,0
66,3,0.75,0.25,1.0,1,210,1,3,6,1,1,1,1,71,8,1,1,0,0,1,1
81,4,0.75,0.25,1.0,1,155,1,2,6,4,1,1,1,82,8,1,0,1,0,1,1
66,3,0.75,0.25,1.0,1,243,1,4,5,1,0,1,1,122,3,1,1,0,0,1,0
90,4,0.75,0.25,0.75,1,289,1,2,5,2,0,1,1,72,8,1,0,0,1,1,1
82,4,0.75,0.25,0.25,1,200,1,1,7,4,0,1,0,31,1,4,1,0,0,1,1
89,4,0.75,0.25,0.75,1,295,1,2,5,4,1,1,1,69,3,4,1,0,0,1,1
59,3,1.0,0.0,1.0,1,111,1,1,3,3,1,1,0,18,7,1,1,0,0,1,1
63,3,0.5,0.5,1.0,1,141,1,3,5,1,1,1,1,22,9,5,0,0,1,1,0
70,3,0.75,0.25,0.75,1,259,1,1,4,2,1,1,0,25,10,1,1,0,0,1,0
86,4,0.75,0.25,0.75,1,356,1,2,5,1,1,1,1,44,14,5,0,0,1,1,1
61,3,0.5,0.5,0.75,1,157,1,3,4,3,0,1,1,41,12,2,1,0,0,1,1
64,3,0.5,0.5,0.75,1,214,1,2,3,2,0,1,1,23,6,5,1,0,0,1,1
60,3,0.75,0.25,0.75,1,196,1,3,8,3,1,1,1,94,11,1,1,0,0,1,1
89,4,0.75,0.25,1.0,1,378,1,3,3,3,0,1,1,58,2,1,1,0,0,1,1
73,3,0.75,0.25,0.75,1,297,1,1,7,4,0,1,0,30,13,3,0,0,1,1,1
84,4,0.75,0.25,1.0,1,268,1,2,7,2,1,1,1,47,6,3,1,0,0,1,1
71,3,0.5,0.5,0.75,1,289,1,2,6,4,1,1,1,58,11,1,1,0,0,1,1
79,4,0.75,0.25,0.5,1,248,1,2,8,2,1,1,1,67,14,1,1,0,0,1,1
70,3,0.75,0.25,1.0,1,365,1,2,3,3,0,1,1,80,10,1,1,0,0,1,1
63,3,0.5,0.5,1.0,1,175,1,4,4,3,1,1,1,124,13,5,1,0,0,1,1
67,3,0.75,0.25,1.0,1,223,1,3,4,4,0,1,1,118,1,5,0,0,1,1,1
67,3,0.75,0.25,0.5,1,270,1,3,6,2,1,1,1,109,3,1,1,0,0,1,1
68,3,0.75,0.25,0.75,1,226,1,4,6,4,1,1,1,38,9,2,1,0,0,1,1
64,3,0.5,0.5,0.75,1,231,1,2,8,2,0,1,1,45,8,1,1,0,0,1,1
64,3,0.75,0.25,0.75,1,215,1,3,5,2,1,1,1,27,2,2,0,1,0,1,1
68,3,0.75,0.25,1.0,1,226,1,1,4,2,1,1,0,24,11,4,1,0,0,1,1
65,3,0.5,0.5,0.25,1,243,1,1,8,3,1,1,0,25,1,1,1,0,0,1,0
55,3,0.5,0.5,1.0,1,96,1,2,7,3,1,1,1,35,14,5,1,0,0,1,1
81,4,0.75,0.25,1.0,1,253,1,1,7,1,1,1,0,46,3,1,0,0,1,1,1
65,3,0.75,0.25,0.5,1,304,1,1,5,4,1,1,0,20,7,1,0,0,1,1,1
67,3,0.75,0.25,0.5,1,238,1,2,5,4,1,1,1,72,12,1,0,0,1,1,1
66,3,1.0,0.0,0.5,1,280,1,1,5,1,1,1,0,25,8,3,1,0,0,1,1
89,4,0.75,0.25,1.0,1,296,1,2,7,4,1,1,1,82,11,1,1,0,0,1,1
67,3,0.5,0.5,0.5,1,253,1,2,4,3,1,1,1,95,10,1,0,0,1,1,1
69,3,0.75,0.25,0.5,1,288,1,3,8,1,1,1,1,16,14,4,1,0,0,1,1
70,3,0.75,0.25,0.25,1,308,1,3,4,2,1,1,1,44,7,4,1,0,0,1,1
80,4,0.75,0.25,1.0,1,186,1,2,5,4,1,1,1,33,14,5,1,0,0,1,1
61,3,0.5,0.5,0.75,1,76,1,2,4,2,1,1,1,72,8,1,0,0,1,1,1
63,3,0.5,0.5,0.25,1,209,1,1,6,4,1,1,0,53,13,1,0,1,0,1,1
61,3,0.75,0.25,1.0,1,171,1,3,7,2,1,1,1,37,11,3,1,0,0,1,1
64,3,0.25,0.75,1.0,1,195,1,2,8,1,1,1,1,82,2,5,0,1,0,1,1
59,3,0.75,0.25,0.75,1,159,1,2,7,2,1,1,1,44,10,1,1,0,0,1,1
67,3,0.25,0.75,0.25,1,191,1,3,4,3,1,1,1,47,13,4,1,0,0,1,1
58,3,0.75,0.25,0.75,1,109,1,1,4,3,1,1,0,21,2,3,1,0,0,1,1
87,4,0.75,0.25,0.5,1,312,1,1,8,4,1,1,0,42,12,3,1,0,0,1,1
67,3,0.5,0.5,0.25,1,232,1,2,5,1,1,1,1,75,2,1,0,0,1,1,1
64,3,0.5,0.5,1.0,1,158,1,3,3,4,1,1,1,70,13,1,0,0,1,1,0
89,4,0.5,0.5,1.0,1,274,1,4,7,3,1,1,1,117,12,1,1,0,0,1,1
87,4,0.75,0.25,1.0,1,302,1,2,6,1,0,1,1,75,3,1,0,0,1,1,1
61,3,0.5,0.5,0.5,1,148,1,2,3,4,1,1,1,78,11,1,1,0,0,1,1
65,3,0.5,0.5,0.75,1,203,1,3,7,2,1,1,1,70,2,2,0,0,1,1,1
63,3,0.75,0.25,0.25,1,286,1,2,6,3,1,1,1,73,8,1,0,1,0,1,1
64,3,0.75,0.25,0.25,1,290,1,3,6,3,1,1,1,52,13,5,1,0,0,1,1
77,4,0.75,0.25,0.25,1,163,1,2,8,1,1,1,1,31,3,1,1,0,0,1,1
62,3,0.75,0.25,0.5,1,242,1,2,5,1,1,1,1,46,3,1,0,1,0,1,1
69,3,0.75,0.25,0.75,1,311,1,4,5,3,1,1,1,116,6,1,1,0,0,1,1
63,3,0.75,0.25,0.75,1,216,1,2,6,2,0,1,1,44,6,4,0,1,0,1,1
86,4,0.75,0.25,1.0,1,300,1,1,4,1,1,1,0,39,1,4,1,0,0,1,0
63,3,0.75,0.25,1.0,1,117,1,1,3,1,1,1,0,22,7,1,0,1,0,1,1
64,3,0.5,0.5,0.5,1,225,1,1,8,4,1,1,0,28,4,1,0,1,0,1,0
70,3,0.75,0.25,0.75,1,300,1,2,4,1,1,1,1,101,2,1,0,0,1,1,1
59,3,0.5,0.5,1.0,1,138,1,2,6,1,1,1,1,22,4,5,1,0,0,1,1
86,4,0.5,0.5,1.0,1,261,1,4,4,3,1,1,1,39,1,5,0,0,1,1,1
62,3,0.75,0.25,0.25,1,240,1,4,4,1,1,1,1,62,13,3,1,0,0,1,1
64,3,0.5,0.5,1.0,1,235,1,2,6,3,1,1,1,51,14,1,0,1,0,1,0
62,3,0.5,0.5,0.75,1,67,1,1,7,3,1,1,0,30,6,1,1,0,0,1,1
60,3,0.75,0.25,0.75,1,245,1,1,5,3,0,1,0,22,13,1,1,0,0,1,1
88,4,0.5,0.5,0.75,1,298,1,3,3,2,1,1,1,86,7,3,0,1,0,1,1
85,4,0.25,0.75,1.0,1,198,1,2,4,4,1,1,1,65,13,1,0,0,1,1,0
63,3,1.0,0.0,0.75,1,268,1,4,3,3,0,1,1,42,3,2,1,0,0,1,1
55,3,0.75,0.25,0.75,1,109,1,1,8,2,0,1,0,53,4,1,0,0,1,1,1
68,3,0.5,0.5,0.75,1,278,1,2,4,1,1,1,1,20,11,5,1,0,0,1,1
64,3,0.75,0.25,0.25,1,216,1,3,5,2,1,1,1,47,4,2,1,0,0,1,1
66,3,0.5,0.5,1.0,1,185,1,3,3,1,1,1,1,73,12,2,1,0,0,1,1
62,3,0.75,0.25,0.75,1,194,1,3,5,1,0,1,1,74,6,1,0,0,1,1,1
86,4,0.75,0.25,0.25,1,165,1,1,8,2,1,1,0,20,6,5,1,0,0,1,1
62,3,0.75,0.25,1.0,1,173,1,4,5,1,0,1,1,116,7,1,0,1,0,1,1
81,4,0.25,0.75,0.75,1,179,1,1,6,1,0,1,0,65,12,1,0,1,0,1,1
63,3,0.75,0.25,0.25,1,159,1,2,4,2,0,1,1,57,1,1,1,0,0,1,1
69,3,0.75,0.25,0.25,1,297,1,1,3,3,0,1,0,38,11,5,0,0,1,1,0
69,3,0.75,0.25,0.75,1,229,1,4,7,1,1,1,1,118,11,5,0,0,1,1,1
71,3,0.25,0.75,0.5,1,266,1,2,3,2,1,1,1,44,12,4,0,0,1,1,0
66,3,0.5,0.5,0.75,1,227,1,1,5,1,1,1,0,46,14,1,0,0,1,1,1
73,3,0.75,0.25,1.0,1,305,1,3,4,1,0,1,1,117,11,1,0,0,1,1,0
56,3,0.75,0.25,1.0,1,124,1,1,3,1,0,1,0,13,8,1,1,0,0,1,0
57,3,0.75,0.25,0.75,1,144,1,1,6,2,1,1,0,35,7,1,1,0,0,1,1
65,3,0.75,0.25,0.75,1,284,1,2,8,3,0,1,1,88,6,1,0,1,0,1,1
64,3,1.0,0.0,1.0,1,259,1,1,3,4,0,1,0,39,12,4,1,0,0,1,1
61,3,0.75,0.25,1.0,1,257,1,3,7,3,0,1,1,26,6,4,1,0,0,1,1
67,3,0.25,0.75,0.75,1,219,1,2,6,3,0,1,1,38,9,3,1,0,0,1,0
59,3,0.75,0.25,0.75,1,99,1,3,7,4,1,1,1,69,2,3,0,0,1,1,1
74,4,0.75,0.25,1.0,1,115,1,1,3,2,0,1,0,55,5,1,0,0,1,1,1
78,4,0.75,0.25,1.0,1,200,1,2,8,4,1,1,1,30,4,5,1,0,0,1,1
69,3,0.25,0.75,1.0,1,268,1,3,3,4,1,1,1,43,7,2,0,0,1,1,0
71,3,0.5,0.5,0.75,1,283,1,2,8,3,1,1,1,94,8,4,1,0,0,1,1
71,3,0.5,0.5,1.0,1,217,1,2,6,4,0,1,1,29,11,2,0,1,0,1,1
74,3,0.75,0.25,1.0,1,234,1,2,5,1,1,1,1,81,7,1,1,0,0,1,1
85,4,0.75,0.25,0.25,1,244,1,1,3,4,1,1,0,41,3,5,1,0,0,1,0
62,3,0.75,0.25,0.5,1,236,1,1,6,3,0,1,0,50,8,5,1,0,0,1,1
84,4,0.75,0.25,0.5,1,359,1,2,3,1,1,1,1,40,1,3,1,0,0,1,1
66,3,0.75,0.25,0.75,1,241,1,1,6,1,0,1,0,49,12,1,0,1,0,1,1
60,3,0.25,0.75,1.0,1,130,1,2,7,3,1,1,1,59,11,1,1,0,0,1,1
64,3,0.75,0.25,1.0,1,248,1,1,4,2,1,1,0,34,4,5,0,0,1,1,1
57,3,0.5,0.5,1.0,1,144,1,1,4,2,1,1,0,36,4,1,0,1,0,1,1
65,3,0.5,0.5,0.5,1,193,1,4,4,2,1,1,1,50,1,4,1,0,0,1,1
90,4,0.75,0.25,1.0,1,305,1,1,4,4,1,1,0,47,6,2,1,0,0,1,1
60,3,0.75,0.25,1.0,1,109,1,1,3,2,1,1,0,24,1,1,1,0,0,1,1
65,3,0.75,0.25,0.25,1,249,1,2,4,1,0,1,1,120,14,1,1,0,0,1,1
68,3,0.75,0.25,0.25,1,361,1,3,6,2,1,1,1,75,2,1,0,1,0,1,1
76,4,0.75,0.25,1.0,1,191,1,2,4,1,1,1,1,49,10,2,1,0,0,1,1
64,3,0.75,0.25,0.75,1,258,1,2,7,3,1,1,1,104,8,5,1,0,0,1,1
65,3,0.75,0.25,1.0,1,243,1,3,7,4,1,1,1,66,4,1,1,0,0,1,1
65,3,0.75,0.25,0.25,1,137,1,2,7,4,1,1,1,66,12,1,1,0,0,1,1
69,3,0.5,0.5,0.75,1,245,1,2,6,3,1,1,1,32,2,2,1,0,0,1,1
87,4,0.5,0.5,0.5,1,244,1,1,4,4,1,1,0,30,13,4,1,0,0,1,1
67,3,0.5,0.5,0.25,1,286,1,3,8,2,1,1,1,81,11,5,1,0,0,1,1
65,3,0.75,0.25,1.0,1,316,1,1,4,3,1,1,0,49,9,5,1,0,0,1,1
75,4,0.75,0.25,0.25,1,102,1,1,5,1,0,1,0,23,13,1,0,1,0,1,1
63,3,0.75,0.25,1.0,1,228,1,1,5,3,1,1,0,30,6,5,1,0,0,1,1
72,3,0.75,0.25,0.75,1,242,1,1,7,3,0,1,0,47,4,1,1,0,0,1,1
60,3,1.0,0.0,0.5,1,200,1,3,6,1,0,1,1,40,3,3,0,1,0,1,1
68,3,0.5,0.5,1.0,1,224,1,1,7,3,1,1,0,27,13,1,0,1,0,1,1
63,3,0.75,0.25,0.5,1,256,1,4,8,3,0,1,1,39,6,3,1,0,0,1,1
68,3,0.75,0.25,0.25,1,214,1,1,5,2,0,1,0,68,12,4,1,0,0,1,1
66,3,0.75,0.25,0.75,1,255,1,3,8,3,1,1,1,75,5,2,0,0,1,1,1
87,4,0.5,0.5,0.75,1,280,1,2,4,2,1,1,1,61,14,4,0,0,1,1,1
90,4,0.75,0.25,0.25,1,357,1,1,8,2,1,1,0,36,13,3,0,0,1,1,1
63,3,0.75,0.25,1.0,1,218,1,1,4,1,0,1,0,40,5,1,1,0,0,1,1
79,4,0.25,0.75,0.25,1,88,1,1,8,2,1,1,0,23,7,1,1,0,0,1,0
61,3,0.75,0.25,0.75,1,144,1,1,5,4,1,1,0,60,12,4,1,0,0,1,1
62,3,0.75,0.25,0.75,1,250,1,2,8,4,1,1,1,67,4,1,1,0,0,1,1
58,3,0.75,0.25,0.25,1,158,1,2,3,3,1,1,1,51,1,4,1,0,0,1,1
66,3,0.75,0.25,0.75,1,241,1,1,5,3,1,1,0,31,5,4,1,0,0,1,1
70,3,0.75,0.25,0.25,1,238,1,1,8,3,1,1,0,31,9,1,0,1,0,1,1
84,4,0.5,0.5,0.75,1,238,1,1,3,2,1,1,0,30,2,1,1,0,0,1,0
81,4,0.75,0.25,0.75,1,177,1,3,4,2,1,1,1,117,5,1,0,1,0,1,1
63,3,0.75,0.25,0.75,1,170,1,1,3,3,1,1,0,27,13,1,0,1,0,1,1
82,4,0.75,0.25,0.75,1,112,1,1,4,4,0,1,0,42,2,5,0,0,1,1,1
63,3,0.75,0.25,1.0,1,199,1,1,5,2,0,1,0,44,1,2,0,1,0,1,1
80,4,0.75,0.25,1.0,1,188,1,1,6,3,0,1,0,48,6,1,1,0,0,1,0
69,3,0.5,0.5,1.0,1,214,1,1,4,2,1,1,0,37,1,2,0,0,1,1,1
64,3,1.0,0.0,0.75,1,196,1,2,3,2,0,1,1,42,1,1,1,0,0,1,1
70,3,0.75,0.25,1.0,1,216,1,1,4,2,0,1,0,64,3,1,1,0,0,1,1
60,3,0.75,0.25,0.5,1,126,1,4,8,1,1,1,1,114,2,1,1,0,0,1,1
65,3,1.0,0.0,1.0,1,294,1,4,8,2,0,1,1,123,12,5,1,0,0,1,1
55,3,0.5,0.5,0.75,1,111,1,2,4,3,1,1,1,66,2,1,1,0,0,1,1
70,3,0.75,0.25,0.75,1,242,1,4,4,3,1,1,1,57,8,3,0,0,1,1,1
73,3,0.5,0.5,0.25,1,316,1,4,3,4,1,1,1,119,10,1,0,0,1,1,1
65,3,0.75,0.25,1.0,1,223,1,1,8,1,1,1,0,58,9,1,0,0,1,1,1
61,3,0.5,0.5,0.25,1,158,1,2,7,4,0,1,1,26,10,3,0,0,1,1,0
70,3,1.0,0.0,1.0,1,287,1,1,7,4,1,1,0,30,6,4,1,0,0,1,1
78,4,0.5,0.5,1.0,1,178,1,4,4,2,1,1,1,121,13,5,0,0,1,1,1
63,3,1.0,0.0,0.25,1,250,1,1,6,2,0,1,0,63,1,1,1,0,0,1,1
67,3,0.75,0.25,1.0,1,243,1,2,3,2,1,1,1,52,2,5,1,0,0,1,1
61,3,0.75,0.25,0.5,1,180,1,2,7,3,0,1,1,44,12,2,0,0,1,1,1
68,3,0.75,0.25,0.5,1,304,1,2,6,4,1,1,1,33,1,5,0,0,1,1,1
65,3,0.75,0.25,0.25,1,230,1,2,4,3,0,1,1,57,3,3,0,0,1,1,1
60,3,0.5,0.5,0.75,1,99,1,2,7,3,1,1,1,32,3,5,1,0,0,1,1
72,3,0.75,0.25,0.25,1,276,1,2,6,3,0,1,1,60,1,1,1,0,0,1,1
69,3,0.75,0.25,1.0,1,302,1,1,5,1,1,1,0,47,2,1,1,0,0,1,1
64,3,0.75,0.25,0.75,1,187,1,2,4,3,0,1,1,51,9,5,1,0,0,1,1
53,3,0.75,0.25,0.5,1,117,1,2,3,1,0,1,1,13,10,5,0,0,1,1,0
84,4,0.75,0.25,1.0,1,216,1,3,8,4,0,1,1,68,2,1,0,0,1,1,0
63,3,1.0,0.0,0.25,1,275,1,1,4,4,1,1,0,44,14,1,1,0,0,1,1
56,3,0.75,0.25,0.25,1,125,1,1,4,3,0,1,0,58,2,1,1,0,0,1,1
69,3,0.5,0.5,1.0,1,329,1,2,7,2,1,1,1,39,10,5,1,0,0,1,1
67,3,0.75,0.25,0.75,1,296,1,3,4,3,1,1,1,41,12,5,0,1,0,1,1
71,3,0.25,0.75,0.75,1,237,1,3,5,3,1,1,1,96,8,1,1,0,0,1,0
74,4,0.5,0.5,0.75,1,85,1,3,7,3,1,1,1,74,7,1,0,0,1,1,1
65,3,0.75,0.25,1.0,1,232,1,2,6,3,0,1,1,57,2,1,1,0,0,1,1
67,3,0.5,0.5,1.0,1,298,1,3,6,1,1,1,1,73,4,5,0,0,1,1,1
64,3,0.75,0.25,0.75,1,230,1,1,3,1,1,1,0,53,12,5,1,0,0,1,0
68,3,0.75,0.25,0.75,1,250,1,3,5,2,1,1,1,16,5,3,0,0,1,1,1
70,3,0.5,0.5,0.75,1,272,1,2,5,3,0,1,1,48,1,5,1,0,0,1,0
69,3,0.75,0.25,1.0,1,244,1,1,6,2,1,1,0,54,11,1,1,0,0,1,0
65,3,0.5,0.5,1.0,1,218,1,3,3,3,1,1,1,123,10,5,1,0,0,1,1
63,3,0.75,0.25,1.0,1,253,1,2,3,2,1,1,1,51,1,2,0,0,1,1,1
62,3,0.75,0.25,1.0,1,172,1,2,7,4,1,1,1,84,1,5,0,0,1,1,1
88,4,0.5,0.5,1.0,1,256,1,1,7,2,1,1,0,39,2,5,1,0,0,1,1
66,3,0.75,0.25,0.75,1,219,1,3,7,4,0,1,1,74,1,1,0,1,0,1,1
62,3,0.75,0.25,0.75,1,232,1,3,4,2,1,1,1,98,9,1,1,0,0,1,1
69,3,0.25,0.75,1.0,1,241,1,2,8,2,1,1,1,47,2,1,0,0,1,1,1
66,3,0.5,0.5,0.25,1,226,1,1,4,3,1,1,0,31,9,3,1,0,0,1,1
76,3,0.75,0.25,0.75,1,293,1,1,6,2,1,1,0,74,3,4,1,0,0,1,1
65,3,0.75,0.25,1.0,1,156,1,3,3,1,1,1,1,79,14,1,1,0,0,1,1
63,3,0.75,0.25,0.25,1,214,1,3,8,2,1,1,1,70,11,1,1,0,0,1,1
58,3,0.5,0.5,0.75,1,103,1,1,4,4,0,1,0,40,6,1,0,0,1,1,0
61,3,0.5,0.5,0.5,1,203,1,1,7,1,1,1,0,33,7,5,0,0,1,1,1
60,3,0.75,0.25,1.0,1,173,1,4,4,2,1,1,1,119,1,1,0,0,1,1,1
63,3,0.75,0.25,1.0,1,182,1,1,7,3,1,1,0,31,1,5,0,0,1,1,1
72,3,0.75,0.25,0.75,1,265,1,4,5,3,1,1,1,50,8,3,0,0,1,1,1
63,3,0.75,0.25,0.75,1,244,1,1,3,2,0,1,0,51,1,5,1,0,0,1,0
82,4,0.75,0.25,0.75,1,269,1,4,4,1,0,1,1,99,9,5,0,0,1,1,1
75,4,0.75,0.25,0.25,1,173,1,1,7,1,1,1,0,63,6,5,0,1,0,1,0
68,3,0.5,0.5,1.0,1,284,1,4,4,2,1,1,1,120,2,1,1,0,0,1,1
59,3,0.75,0.25,0.25,1,195,1,1,4,4,1,1,0,50,8,2,0,0,1,1,1
64,3,0.5,0.5,1.0,1,218,1,1,6,1,1,1,0,33,8,1,1,0,0,1,0
66,3,0.75,0.25,0.75,1,291,1,1,4,4,1,1,0,32,11,5,1,0,0,1,1
68,3,0.75,0.25,0.25,1,266,1,2,3,3,0,1,1,32,3,1,1,0,0,1,1
57,3,0.75,0.25,0.25,1,190,1,2,6,1,0,1,1,33,8,2,1,0,0,1,1
58,3,0.75,0.25,0.25,1,178,1,2,7,2,0,1,1,51,12,1,0,0,1,1,1
72,3,1.0,0.0,0.75,1,245,1,4,7,1,1,1,1,115,4,1,1,0,0,1,1
64,3,0.75,0.25,0.25,1,302,1,3,8,4,1,1,1,44,12,5,0,1,0,1,1
65,3,0.5,0.5,0.75,1,271,1,1,3,3,1,1,0,33,11,1,1,0,0,1,1
74,3,0.5,0.5,0.5,1,272,1,2,5,2,1,1,1,69,7,5,1,0,0,1,1
71,3,0.5,0.5,0.25,1,169,1,1,4,2,1,1,0,35,13,2,0,1,0,1,1
65,3,1.0,0.0,1.0,1,300,1,2,8,3,1,1,1,35,14,4,1,0,0,1,1
64,3,0.75,0.25,0.5,1,256,1,3,6,1,1,1,1,29,4,5,1,0,0,1,0
88,4,0.75,0.25,1.0,1,279,1,3,3,2,1,1,1,124,14,1,0,1,0,1,1
70,3,0.75,0.25,0.25,1,230,1,1,7,1,0,1,0,52,1,1,1,0,0,1,1
59,3,1.0,0.0,0.75,1,229,1,2,3,3,0,1,1,32,2,3,1,0,0,1,1
62,3,0.75,0.25,1.0,1,197,1,2,4,3,0,1,1,39,1,2,0,0,1,1,1
68,3,0.75,0.25,1.0,1,241,1,2,7,2,1,1,1,37,6,1,1,0,0,1,1
67,3,0.5,0.5,0.75,1,206,1,1,6,1,1,1,0,60,14,1,1,0,0,1,1
61,3,0.75,0.25,1.0,1,172,1,4,7,2,1,1,1,111,9,1,0,0,1,1,1
65,3,0.75,0.25,0.5,1,241,1,1,6,4,1,1,0,17,9,1,1,0,0,1,1
58,3,0.5,0.5,0.5,1,161,1,1,8,1,0,1,0,41,2,1,0,1,0,1,0
83,4,1.0,0.0,0.75,1,259,1,1,6,1,1,1,0,39,8,1,0,0,1,1,1
61,3,0.5,0.5,1.0,1,160,1,2,3,1,1,1,1,62,6,3,0,1,0,1,1
60,3,0.5,0.5,1.0,1,97,1,2,3,4,1,1,1,44,7,4,0,0,1,1,1
64,3,0.25,0.75,0.5,1,178,1,4,7,1,1,1,1,39,4,3,0,0,1,1,1
70,3,0.75,0.25,0.75,1,292,1,1,3,3,1,1,0,15,3,2,0,0,1,1,0
68,3,0.5,0.5,0.5,1,234,1,2,5,4,1,1,1,18,14,2,0,0,1,1,1
84,4,0.5,0.5,0.5,1,199,1,2,3,3,0,1,1,62,8,1,1,0,0,1,1
63,3,1.0,0.0,1.0,1,197,1,2,4,2,1,1,1,58,6,1,0,0,1,1,1
62,3,0.75,0.25,0.5,1,168,1,4,6,1,0,1,1,117,2,1,1,0,0,1,1
65,3,0.75,0.25,0.75,1,242,1,1,4,1,1,1,0,99,11,1,1,0,0,1,1
63,3,0.75,0.25,0.75,1,234,1,4,5,1,1,1,1,120,7,1,1,0,0,1,1
69,3,0.75,0.25,1.0,1,322,1,3,8,4,0,1,1,70,6,1,0,1,0,1,0
84,4,0.75,0.25,1.0,1,248,1,1,3,1,1,1,0,41,10,1,0,1,0,1,1
75,3,0.75,0.25,0.5,1,280,1,2,3,1,1,1,1,45,2,4,0,1,0,1,1
67,3,0.5,0.5,0.25,1,170,1,1,4,4,1,1,0,31,8,1,0,1,0,1,1
69,3,0.75,0.25,0.25,1,288,1,3,7,2,1,1,1,46,13,2,1,0,0,1,1
63,3,1.0,0.0,0.5,1,251,1,3,5,2,0,1,1,54,7,5,0,0,1,1,1
78,4,1.0,0.0,0.75,1,205,1,2,6,3,1,1,1,55,1,1,1,0,0,1,1
88,4,0.75,0.25,0.25,1,233,1,2,3,3,1,1,1,55,4,1,0,0,1,1,1
60,3,0.75,0.25,0.25,1,133,1,4,7,4,1,1,1,72,1,3,0,0,1,1,1
70,3,0.75,0.25,1.0,1,288,1,4,3,2,1,1,1,43,8,3,0,0,1,1,1
73,4,0.75,0.25,0.75,1,111,1,2,7,3,1,1,1,121,6,1,1,0,0,1,1
65,3,0.75,0.25,0.25,1,170,1,2,3,4,1,1,1,70,2,1,0,0,1,1,1
64,3,0.75,0.25,1.0,1,172,1,2,8,2,0,1,1,66,10,3,0,0,1,1,1
59,3,0.75,0.25,0.75,1,196,1,2,4,2,0,1,1,45,3,1,0,0,1,1,1
64,3,0.75,0.25,0.5,1,249,1,1,4,4,1,1,0,102,5,1,0,0,1,1,1
85,4,0.75,0.25,1.0,1,266,1,1,5,1,0,1,0,20,14,3,1,0,0,1,0
68,3,0.75,0.25,0.5,1,334,1,2,3,1,0,1,1,22,1,5,1,0,0,1,1
67,3,0.75,0.25,1.0,1,285,1,1,3,3,0,1,0,33,4,2,0,0,1,1,0
81,4,0.75,0.25,1.0,1,181,1,1,6,4,1,1,0,48,5,1,1,0,0,1,1
67,3,0.75,0.25,1.0,1,282,1,4,4,1,1,1,1,32,8,5,0,0,1,1,1
66,3,0.75,0.25,1.0,1,228,1,2,5,4,1,1,1,73,4,4,0,1,0,1,1
70,3,0.75,0.25,0.75,1,231,1,1,7,4,1,1,0,34,14,1,0,1,0,1,1
61,3,0.5,0.5,0.5,1,264,1,2,3,4,1,1,1,67,1,1,1,0,0,1,0
65,3,0.75,0.25,0.75,1,224,1,1,5,2,1,1,0,44,14,1,0,1,0,1,1
66,3,0.75,0.25,1.0,1,238,1,4,4,2,0,1,1,129,8,5,0,0,1,1,1
66,3,0.75,0.25,0.75,1,222,1,1,5,3,1,1,0,16,1,1,0,1,0,1,0
64,3,0.75,0.25,0.75,1,253,1,3,4,1,0,1,1,62,2,1,0,0,1,1,1
63,3,1.0,0.0,1.0,1,306,1,1,3,4,0,1,0,23,2,4,1,0,0,1,1
66,3,0.25,0.75,1.0,1,242,1,2,3,3,1,1,1,43,5,5,0,0,1,1,1
73,3,0.75,0.25,0.5,1,293,1,4,8,2,1,1,1,121,5,1,1,0,0,1,1
61,3,0.5,0.5,0.25,1,221,1,1,3,3,1,1,0,21,9,1,0,1,0,1,1
65,3,1.0,0.0,0.75,1,181,1,2,7,3,0,1,1,67,5,1,0,1,0,1,1
64,3,1.0,0.0,0.5,1,286,1,2,8,3,1,1,1,62,11,4,1,0,0,1,1
65,3,1.0,0.0,0.25,1,277,1,3,5,4,1,1,1,114,5,1,0,0,1,1,1
65,3,0.75,0.25,0.75,1,304,1,2,4,4,0,1,1,60,4,5,0,0,1,1,1
64,3,0.5,0.5,0.75,1,200,1,2,7,4,1,1,1,80,4,1,1,0,0,1,1
66,3,0.5,0.5,0.75,1,163,1,3,8,3,0,1,1,78,5,3,1,0,0,1,1
70,3,0.25,0.75,1.0,1,243,1,2,3,3,1,1,1,46,12,2,0,1,0,1,1
73,3,0.75,0.25,0.75,1,322,1,1,8,2,1,1,0,42,4,1,1,0,0,1,1
69,3,0.5,0.5,1.0,1,232,1,2,8,1,1,1,1,27,4,3,1,0,0,1,1
67,3,0.75,0.25,0.25,1,241,1,3,3,2,1,1,1,117,14,1,1,0,0,1,1
73,3,0.75,0.25,0.5,1,263,1,1,3,4,1,1,0,26,10,1,1,0,0,1,1
70,3,0.75,0.25,0.5,1,285,1,3,7,1,1,1,1,64,3,5,0,0,1,1,1
62,3,0.75,0.25,1.0,1,130,1,4,3,3,1,1,1,112,13,1,0,1,0,1,1
67,3,0.75,0.25,0.25,1,318,1,1,6,1,1,1,0,59,3,1,1,0,0,1,1
62,3,0.5,0.5,1.0,1,177,1,4,3,2,1,1,1,52,3,5,1,0,0,1,1
66,3,0.5,0.5,0.25,1,256,1,2,7,1,1,1,1,66,7,2,0,1,0,1,0
68,3,0.75,0.25,0.5,1,245,1,1,4,3,1,1,0,41,10,1,0,1,0,1,1
59,3,0.5,0.5,1.0,1,175,1,2,3,4,1,1,1,86,3,1,1,0,0,1,1
68,3,0.75,0.25,0.25,1,215,1,2,3,4,1,1,1,41,11,1,0,1,0,1,1
65,3,0.75,0.25,1.0,1,240,1,2,4,3,1,1,1,54,3,4,0,0,1,1,1
72,3,1.0,0.0,0.75,1,324,1,2,6,1,1,1,1,57,11,5,0,0,1,1,1
71,3,0.25,0.75,1.0,1,255,1,1,3,3,1,1,0,39,2,5,0,0,1,1,0
68,3,0.75,0.25,1.0,1,152,1,2,7,1,0,1,1,70,7,1,1,0,0,1,1
83,4,0.5,0.5,0.25,1,155,1,3,6,2,1,1,1,75,9,1,0,1,0,1,1
58,3,0.5,0.5,0.25,1,155,1,4,4,3,1,1,1,120,4,1,0,1,0,1,1
62,3,0.75,0.25,0.25,1,178,1,2,8,3,1,1,1,29,9,4,1,0,0,1,0
62,3,0.5,0.5,0.75,1,212,1,2,6,1,1,1,1,53,10,3,0,0,1,1,1
70,3,0.75,0.25,0.5,1,353,1,4,7,4,1,1,1,26,10,4,0,0,1,1,1
73,3,0.5,0.5,0.5,1,279,1,2,4,2,1,1,1,66,6,1,1,0,0,1,1
61,3,0.75,0.25,1.0,1,127,1,2,7,4,1,1,1,49,11,1,1,0,0,1,1
66,3,0.75,0.25,1.0,1,295,1,2,6,3,0,1,1,43,11,3,1,0,0,1,1
62,3,0.75,0.25,0.25,1,234,1,3,8,3,1,1,1,27,5,5,1,0,0,1,1
68,3,0.75,0.25,0.25,1,301,1,2,5,3,1,1,1,68,11,5,0,0,1,1,1
77,4,0.25,0.75,0.75,1,111,1,2,7,4,1,1,1,36,13,2,1,0,0,1,1
66,3,0.25,0.75,1.0,1,267,1,1,5,1,1,1,0,58,12,1,1,0,0,1,0
72,3,0.5,0.5,0.75,1,340,1,1,3,3,1,1,0,37,11,1,1,0,0,1,1
69,3,0.5,0.5,0.75,1,221,1,2,3,1,1,1,1,67,11,1,0,1,0,1,1
70,3,0.75,0.25,0.25,1,314,1,2,8,2,1,1,1,66,12,1,1,0,0,1,1
55,3,0.75,0.25,0.75,1,151,1,2,7,4,1,1,1,46,5,5,0,0,1,1,1
63,3,0.5,0.5,0.5,1,130,1,3,5,4,0,1,1,72,11,1,0,1,0,1,1
68,3,0.75,0.25,0.75,1,304,1,3,7,2,1,1,1,83,3,1,1,0,0,1,1
60,3,0.5,0.5,0.25,1,100,1,2,3,2,1,1,1,59,6,1,1,0,0,1,1
73,3,0.75,0.25,1.0,1,303,1,3,3,3,1,1,1,98,14,1,0,1,0,1,1
53,3,0.75,0.25,0.75,1,113,1,1,6,2,0,1,0,41,4,1,0,1,0,1,1
63,3,0.5,0.5,1.0,1,230,1,2,6,1,1,1,1,46,12,5,1,0,0,1,1
61,3,0.75,0.25,0.25,1,134,1,2,8,2,1,1,1,6,6,3,0,1,0,1,1
67,3,0.75,0.25,0.5,1,367,1,4,7,2,0,1,1,20,3,2,1,0,0,1,1
70,3,0.75,0.25,0.25,1,236,1,2,4,3,1,1,1,40,2,1,0,0,1,1,1
60,3,0.75,0.25,0.75,1,88,1,1,7,4,1,1,0,33,8,1,0,0,1,1,1
68,3,0.75,0.25,0.75,1,252,1,1,5,3,1,1,0,61,7,1,0,0,1,1,1
76,4,0.75,0.25,0.5,1,138,1,3,7,2,0,1,1,26,8,3,1,0,0,1,1
68,3,1.0,0.0,0.25,1,270,1,2,4,3,1,1,1,53,1,4,0,0,1,1,1
65,3,0.75,0.25,0.5,1,167,1,2,3,4,0,1,1,25,4,5,1,0,0,1,1
66,3,0.75,0.25,0.5,1,250,1,2,3,2,1,1,1,62,1,1,1,0,0,1,1
88,4,0.5,0.5,0.5,1,293,1,2,8,2,1,1,1,23,5,3,1,0,0,1,1
60,3,0.5,0.5,0.75,1,123,1,1,3,1,1,1,0,34,14,1,1,0,0,1,0
69,3,0.75,0.25,0.5,1,347,1,2,8,4,1,1,1,24,3,4,0,0,1,1,1
68,3,0.5,0.5,0.25,1,277,1,3,7,4,1,1,1,96,10,4,1,0,0,1,1
68,3,0.75,0.25,0.75,1,311,1,2,3,1,1,1,1,24,1,2,1,0,0,1,1
69,3,1.0,0.0,0.75,1,321,1,1,8,2,1,1,0,53,8,3,0,0,1,1,1
84,4,0.75,0.25,0.75,1,163,1,1,3,2,1,1,0,35,13,1,0,1,0,1,1
62,3,0.75,0.25,0.5,1,246,1,1,3,4,1,1,0,21,5,1,0,0,1,1,0
84,4,0.75,0.25,0.5,1,249,1,1,6,1,1,1,0,49,3,5,0,0,1,1,1
73,3,0.75,0.25,0.75,1,301,1,2,4,1,1,1,1,29,8,2,0,0,1,1,1
63,3,0.75,0.25,0.75,1,243,1,2,4,2,1,1,1,60,4,1,0,0,1,1,0
63,3,0.5,0.5,1.0,1,216,1,3,4,3,1,1,1,39,13,5,1,0,0,1,1
63,3,0.5,0.5,0.25,1,182,1,2,6,1,0,1,1,49,12,2,1,0,0,1,0
71,3,0.5,0.5,1.0,1,266,1,1,3,3,1,1,0,29,10,1,0,0,1,1,1
65,3,1.0,0.0,1.0,1,251,1,1,4,3,0,1,0,25,9,1,0,0,1,1,0
69,3,0.75,0.25,1.0,1,240,1,1,6,4,0,1,0,34,9,5,1,0,0,1,1
71,3,0.5,0.5,0.75,1,293,1,2,5,1,1,1,1,26,11,5,0,1,0,1,1
65,3,0.75,0.25,0.5,1,158,1,1,7,1,1,1,0,49,7,1,1,0,0,1,1
70,3,0.75,0.25,1.0,1,280,1,2,4,1,1,1,1,49,14,1,1,0,0,1,1
91,4,0.5,0.5,0.75,1,189,1,3,6,4,1,1,1,40,5,5,1,0,0,1,1
62,3,0.75,0.25,0.75,1,180,1,2,7,3,0,1,1,46,1,4,0,0,1,1,1
59,3,0.75,0.25,0.5,1,223,1,1,5,3,1,1,0,34,10,4,0,0,1,1,1
70,3,1.0,0.0,0.5,1,254,1,2,4,4,0,1,1,46,10,5,1,0,0,1,0
64,3,0.75,0.25,0.75,1,250,1,4,6,3,1,1,1,48,14,2,1,0,0,1,1
69,3,0.75,0.25,1.0,1,290,1,2,6,1,1,1,1,38,6,1,1,0,0,1,1
63,3,0.75,0.25,0.25,1,123,1,1,3,3,1,1,0,34,6,1,1,0,0,1,1
73,4,0.75,0.25,0.75,1,116,1,1,6,3,1,1,0,47,8,1,1,0,0,1,0
61,3,0.75,0.25,1.0,1,250,1,1,3,1,0,1,0,31,6,1,0,1,0,1,1
57,3,0.5,0.5,0.5,1,167,1,3,6,3,1,1,1,74,11,1,1,0,0,1,1
82,4,0.75,0.25,0.75,1,230,1,1,8,2,1,1,0,20,6,5,1,0,0,1,0
67,3,0.75,0.25,0.75,1,237,1,1,6,1,0,1,0,107,11,1,1,0,0,1,1
64,3,0.75,0.25,0.75,1,196,1,2,7,2,1,1,1,46,6,5,0,1,0,1,1
69,3,0.75,0.25,0.5,1,306,1,1,4,2,1,1,0,59,4,3,1,0,0,1,1
64,3,0.75,0.25,1.0,1,279,1,2,8,2,1,1,1,27,14,2,0,1,0,1,1
58,3,0.5,0.5,0.75,1,230,1,4,7,2,0,1,1,128,8,1,1,0,0,1,1
84,4,0.5,0.5,0.5,1,204,1,2,8,3,1,1,1,31,10,5,1,0,0,1,1
61,3,0.75,0.25,0.75,1,201,1,4,7,2,1,1,1,42,9,4,1,0,0,1,1
70,3,0.75,0.25,0.25,1,315,1,2,6,2,1,1,1,30,6,5,0,1,0,1,1
64,3,0.75,0.25,0.5,1,184,1,2,6,4,1,1,1,90,14,1,0,0,1,1,1
84,4,0.75,0.25,0.25,1,242,1,1,8,1,0,1,0,28,6,5,1,0,0,1,1
71,3,0.75,0.25,1.0,1,297,1,2,8,2,1,1,1,53,14,4,1,0,0,1,1
63,3,0.5,0.5,0.5,1,170,1,2,5,1,1,1,1,46,7,1,1,0,0,1,1
73,3,0.75,0.25,0.25,1,354,1,2,3,4,0,1,1,72,1,3,0,0,1,1,1
60,3,0.5,0.5,0.75,1,164,1,1,3,1,1,1,0,38,1,1,0,0,1,1,1
59,3,0.75,0.25,0.75,1,133,1,4,4,4,1,1,1,123,14,1,1,0,0,1,1
66,3,1.0,0.0,1.0,1,252,1,4,3,1,1,1,1,54,8,5,1,0,0,1,1
68,3,0.75,0.25,0.5,1,231,1,2,4,2,0,1,1,49,6,1,1,0,0,1,1
64,3,1.0,0.0,0.75,1,242,1,3,3,3,1,1,1,66,12,1,1,0,0,1,1
64,3,0.75,0.25,1.0,1,164,1,2,8,4,0,1,1,63,9,1,1,0,0,1,1
64,3,0.75,0.25,0.75,1,213,1,1,3,1,1,1,0,30,10,5,0,1,0,1,0
65,3,0.5,0.5,0.75,1,231,1,3,6,1,1,1,1,45,10,2,0,0,1,1,1
83,4,0.75,0.25,1.0,1,207,1,1,5,4,1,1,0,28,3,3,0,0,1,1,1
56,3,0.75,0.25,1.0,1,201,1,4,4,2,1,1,1,51,2,2,1,0,0,1,1
58,3,0.75,0.25,0.5,1,156,1,2,7,1,0,1,1,41,11,2,0,0,1,1,1
80,4,0.25,0.75,0.75,1,211,1,2,8,3,1,1,1,47,1,2,1,0,0,1,1
58,3,0.75,0.25,1.0,1,261,1,4,7,1,1,1,1,120,11,5,1,0,0,1,1
63,3,0.75,0.25,0.75,1,233,1,2,8,4,0,1,1,62,2,2,0,0,1,1,1
70,3,0.5,0.5,1.0,1,282,1,2,6,4,0,1,1,43,4,1,1,0,0,1,1
58,3,0.75,0.25,0.5,1,90,1,1,7,4,1,1,0,45,10,1,1,0,0,1,0
63,3,0.25,0.75,1.0,1,144,1,1,3,2,1,1,0,40,9,1,1,0,0,1,0
84,4,0.75,0.25,0.75,1,164,1,1,8,1,1,1,0,28,11,1,0,1,0,1,1
72,3,0.75,0.25,1.0,1,303,1,4,7,2,1,1,1,111,9,1,1,0,0,1,1
84,4,0.75,0.25,0.5,1,217,1,1,4,2,0,1,0,19,1,1,1,0,0,1,1
69,3,0.75,0.25,0.75,1,248,1,1,5,4,1,1,0,49,12,4,1,0,0,1,1
69,3,0.5,0.5,0.75,1,295,1,3,6,3,1,1,1,70,4,1,0,1,0,1,1
69,3,0.5,0.5,0.5,1,328,1,1,3,4,0,1,0,36,2,5,1,0,0,1,0
60,3,0.5,0.5,0.75,1,143,1,1,7,4,1,1,0,21,13,1,0,0,1,1,0
64,3,0.75,0.25,0.75,1,268,1,3,4,3,0,1,1,67,3,1,0,1,0,1,1
63,3,0.5,0.5,0.75,1,216,1,4,3,1,0,1,1,29,8,3,1,0,0,1,1
67,3,0.5,0.5,0.5,1,271,1,4,4,1,0,1,1,118,7,1,0,0,1,1,1
68,3,0.75,0.25,0.75,1,217,1,1,8,1,1,1,0,73,11,1,0,0,1,1,1
70,3,0.5,0.5,1.0,1,227,1,3,4,3,0,1,1,110,1,4,0,1,0,1,1
58,3,0.75,0.25,0.75,1,173,1,2,6,1,1,1,1,48,2,5,0,0,1,1,1
66,3,0.75,0.25,0.75,1,224,1,4,7,4,1,1,1,35,6,5,0,0,1,1,1
62,3,0.25,0.75,0.75,1,192,1,1,3,1,0,1,0,50,7,1,1,0,0,1,1
70,3,0.75,0.25,0.75,1,316,1,2,7,4,1,1,1,23,12,5,0,0,1,1,1
68,3,0.5,0.5,0.75,1,289,1,1,4,3,1,1,0,48,9,3,0,0,1,1,1
60,3,0.5,0.5,0.75,1,218,1,3,7,1,1,1,1,45,3,2,1,0,0,1,1
81,4,0.75,0.25,1.0,1,129,1,3,4,1,1,1,1,82,14,1,1,0,0,1,1
57,3,0.75,0.25,1.0,1,103,1,3,3,2,0,1,1,52,7,5,0,0,1,1,0
58,3,0.25,0.75,0.25,1,80,1,1,7,2,1,1,0,40,14,5,0,0,1,1,0
56,3,0.75,0.25,0.25,1,122,1,1,7,2,1,1,0,35,14,1,1,0,0,1,1
63,3,0.75,0.25,0.75,1,233,1,3,8,3,0,1,1,58,1,4,0,0,1,1,1
67,3,0.75,0.25,0.25,1,247,1,3,7,1,0,1,1,25,8,3,0,0,1,1,0
65,3,0.75,0.25,0.75,1,228,1,3,5,1,0,1,1,35,6,5,0,0,1,1,0
63,3,0.75,0.25,1.0,1,188,1,1,4,3,1,1,0,31,7,4,0,0,1,1,1
69,3,0.75,0.25,1.0,1,308,1,3,4,4,1,1,1,58,5,1,0,1,0,1,1
63,3,0.5,0.5,0.75,1,56,1,1,6,2,1,1,0,39,8,5,0,1,0,1,0
70,3,0.75,0.25,0.25,1,378,1,2,5,4,1,1,1,64,7,2,1,0,0,1,1
86,4,0.75,0.25,1.0,1,314,1,4,5,2,0,1,1,73,3,3,1,0,0,1,1
65,3,0.75,0.25,1.0,1,171,1,2,4,2,1,1,1,83,5,5,1,0,0,1,1
64,3,0.75,0.25,0.75,1,255,1,2,5,1,1,1,1,73,3,5,0,0,1,1,1
69,3,0.75,0.25,0.75,1,235,1,4,4,2,1,1,1,117,12,5,0,0,1,1,1
60,3,0.75,0.25,0.25,1,98,1,1,3,2,1,1,0,67,10,1,1,0,0,1,1
59,3,0.75,0.25,0.75,1,104,1,2,3,3,1,1,1,47,6,4,0,0,1,1,1
85,4,0.75,0.25,1.0,1,255,1,3,6,1,0,1,1,74,6,1,0,1,0,1,1
71,3,0.75,0.25,0.5,1,211,1,2,5,1,1,1,1,57,2,1,1,0,0,1,1
74,3,0.75,0.25,0.5,1,317,1,1,3,2,0,1,0,53,5,1,0,1,0,1,0
65,3,0.75,0.25,0.5,1,239,1,2,6,1,0,1,1,34,13,4,1,0,0,1,1
72,3,1.0,0.0,0.75,1,362,1,4,3,1,1,1,1,56,1,4,1,0,0,1,1
87,4,0.5,0.5,0.75,1,211,1,3,3,3,1,1,1,36,3,5,0,0,1,1,1
63,3,0.75,0.25,1.0,1,225,1,1,3,4,1,1,0,13,12,1,1,0,0,1,0
66,3,0.25,0.75,0.75,1,213,1,3,5,3,0,1,1,15,8,3,1,0,0,1,1
68,3,0.5,0.5,0.25,1,291,1,2,8,1,1,1,1,55,1,2,0,1,0,1,1
63,3,0.75,0.25,0.25,1,154,1,2,4,4,0,1,1,16,7,5,0,1,0,1,1
63,3,0.75,0.25,1.0,1,234,1,2,4,3,1,1,1,37,11,1,0,0,1,1,1
63,3,1.0,0.0,1.0,1,307,1,2,4,3,0,1,1,66,5,1,0,0,1,1,1
59,3,0.25,0.75,0.5,1,219,1,1,5,1,0,1,0,15,6,1,1,0,0,1,0
62,3,0.75,0.25,1.0,1,220,1,3,7,3,1,1,1,45,9,4,1,0,0,1,1
58,3,0.75,0.25,1.0,1,144,1,3,4,1,0,1,1,36,9,5,1,0,0,1,1
70,3,0.75,0.25,0.5,1,360,1,4,6,3,1,1,1,112,13,5,1,0,0,1,1
74,3,0.75,0.25,1.0,1,283,1,3,8,1,1,1,1,66,4,1,1,0,0,1,1
66,3,0.75,0.25,0.5,1,170,1,2,8,4,1,1,1,65,4,3,0,1,0,1,1
65,3,1.0,0.0,1.0,1,308,1,2,6,1,0,1,1,32,3,5,1,0,0,1,0
66,3,0.75,0.25,0.75,1,221,1,1,7,3,0,1,0,24,10,1,1,0,0,1,1
64,3,0.75,0.25,0.75,1,241,1,2,8,1,1,1,1,25,8,3,1,0,0,1,1
67,3,0.75,0.25,0.5,1,282,1,2,7,3,1,1,1,54,5,5,0,1,0,1,1
69,3,0.5,0.5,0.75,1,247,1,4,4,2,0,1,1,125,10,1,1,0,0,1,1
67,3,1.0,0.0,0.5,1,254,1,1,3,4,0,1,0,53,6,1,1,0,0,1,1
80,4,0.75,0.25,1.0,1,153,1,2,3,3,0,1,1,41,3,1,1,0,0,1,1
84,4,0.5,0.5,1.0,1,149,1,1,8,2,0,1,0,25,8,1,1,0,0,1,1
62,3,0.75,0.25,0.75,1,226,1,4,6,1,1,1,1,118,7,1,1,0,0,1,1
59,3,0.75,0.25,0.75,1,107,1,1,4,3,0,1,0,54,6,1,0,0,1,1,1
73,3,0.75,0.25,1.0,1,270,1,1,5,2,1,1,0,60,7,1,0,0,1,1,0
69,3,0.5,0.5,0.75,1,281,1,1,4,1,0,1,0,16,13,1,0,1,0,1,0
67,3,0.5,0.5,1.0,1,164,1,1,7,3,1,1,0,49,4,1,0,0,1,1,1
69,3,0.75,0.25,0.75,1,273,1,2,6,1,0,1,1,41,4,2,0,0,1,1,0
64,3,0.5,0.5,1.0,1,150,1,2,8,1,0,1,1,28,8,4,1,0,0,1,1
87,4,1.0,0.0,1.0,1,323,1,2,4,1,1,1,1,52,1,4,1,0,0,1,1
68,3,0.5,0.5,0.75,1,265,1,1,5,2,1,1,0,42,3,1,1,0,0,1,1
63,3,0.75,0.25,0.75,1,254,1,2,3,1,1,1,1,34,8,4,0,1,0,1,1
67,3,0.5,0.5,1.0,1,202,1,1,8,1,1,1,0,17,8,1,0,0,1,1,1
66,3,0.75,0.25,0.5,1,296,1,2,6,2,1,1,1,73,10,1,1,0,0,1,1
70,3,0.5,0.5,0.75,1,271,1,4,6,1,1,1,1,28,2,4,1,0,0,1,1
63,3,0.75,0.25,1.0,1,122,1,1,5,1,1,1,0,23,12,3,1,0,0,1,1
72,3,0.75,0.25,0.5,1,350,1,2,4,2,1,1,1,56,7,3,0,1,0,1,1
67,3,0.5,0.5,0.25,1,276,1,4,8,1,1,1,1,35,3,5,0,1,0,1,1
70,3,0.5,0.5,0.5,1,276,1,2,5,4,1,1,1,26,5,4,1,0,0,1,1
64,3,0.75,0.25,1.0,1,229,1,1,7,2,0,1,0,58,4,1,1,0,0,1,1
62,3,0.75,0.25,0.5,1,127,1,1,3,4,1,1,0,51,7,1,0,0,1,1,0
54,3,0.75,0.25,0.75,1,124,1,1,4,4,0,1,0,35,7,1,1,0,0,1,1
67,3,0.75,0.25,0.25,1,299,1,4,7,4,1,1,1,24,7,4,1,0,0,1,1
72,4,0.75,0.25,1.0,1,114,1,1,3,3,1,1,0,31,7,1,0,0,1,1,1
64,3,0.75,0.25,1.0,1,312,1,2,3,2,1,1,1,38,13,1,0,1,0,1,1
72,3,0.75,0.25,1.0,1,296,1,2,7,3,1,1,1,44,14,1,1,0,0,1,1
87,4,0.75,0.25,0.75,1,235,1,1,4,1,1,1,0,20,7,1,0,0,1,1,1
76,4,0.75,0.25,1.0,1,122,1,2,4,4,1,1,1,88,14,5,1,0,0,1,1
67,3,0.75,0.25,1.0,1,385,1,1,6,2,1,1,0,75,12,1,0,1,0,1,1
59,3,0.75,0.25,1.0,1,280,1,2,4,1,0,1,1,28,12,2,1,0,0,1,0
64,3,0.75,0.25,0.75,1,252,1,1,3,1,1,1,0,38,4,1,0,1,0,1,1
73,3,0.75,0.25,0.75,1,212,1,3,3,1,1,1,1,65,7,1,1,0,0,1,1
64,3,0.75,0.25,0.25,1,183,1,2,3,1,1,1,1,47,5,1,0,1,0,1,1
67,3,0.25,0.75,0.5,1,284,1,2,3,3,1,1,1,106,2,1,1,0,0,1,1
85,4,0.75,0.25,0.75,1,247,1,2,7,1,1,1,1,82,2,3,0,1,0,1,1
64,3,0.75,0.25,0.75,1,303,1,3,4,4,0,1,1,64,9,2,0,1,0,1,1
61,3,0.5,0.5,0.75,1,152,1,2,3,2,1,1,1,37,6,2,1,0,0,1,1
69,3,0.5,0.5,1.0,1,280,1,1,3,3,1,1,0,38,12,1,0,1,0,1,1
59,3,0.75,0.25,1.0,1,116,1,1,5,2,1,1,0,26,10,1,0,0,1,1,0
68,3,0.75,0.25,0.25,1,228,1,1,8,1,1,1,0,78,2,1,1,0,0,1,0
66,3,0.5,0.5,0.75,1,216,1,1,5,1,1,1,0,24,12,1,1,0,0,1,1
67,3,1.0,0.0,0.25,1,263,1,1,3,3,1,1,0,41,7,2,0,1,0,1,1
82,4,1.0,0.0,0.75,1,248,1,2,4,3,1,1,1,38,8,1,1,0,0,1,1
90,4,0.5,0.5,0.25,1,268,1,2,5,2,1,1,1,48,14,1,1,0,0,1,1
73,3,0.25,0.75,1.0,1,240,1,1,4,2,1,1,0,64,9,1,0,0,1,1,1
56,3,1.0,0.0,1.0,1,146,1,2,8,4,1,1,1,26,1,3,1,0,0,1,1
75,4,1.0,0.0,0.5,1,148,1,2,7,4,1,1,1,46,3,1,1,0,0,1,1
66,3,1.0,0.0,0.25,1,203,1,1,5,2,1,1,0,25,6,3,1,0,0,1,1
59,3,1.0,0.0,0.75,1,154,1,1,8,1,0,1,0,123,1,1,0,0,1,1,1
69,3,0.5,0.5,0.5,1,221,1,3,4,2,1,1,1,66,3,1,1,0,0,1,1
61,3,0.75,0.25,0.25,1,186,1,2,3,3,1,1,1,32,12,5,1,0,0,1,0
73,3,0.5,0.5,0.25,1,285,1,2,8,3,1,1,1,118,2,1,0,0,1,1,1
66,3,0.75,0.25,1.0,1,239,1,2,8,1,1,1,1,60,3,1,0,0,1,1,1
63,3,0.75,0.25,0.25,1,172,1,2,4,1,1,1,1,40,8,3,1,0,0,1,0
73,3,1.0,0.0,0.75,1,353,1,2,6,2,1,1,1,65,2,1,0,0,1,1,1
61,3,0.75,0.25,1.0,1,173,1,3,4,4,1,1,1,66,4,1,0,0,1,1,1
59,3,0.75,0.25,1.0,1,170,1,3,6,1,1,1,1,66,14,3,0,1,0,1,1
67,3,0.75,0.25,1.0,1,307,1,2,7,2,0,1,1,61,9,2,0,0,1,1,1
88,4,0.5,0.5,0.75,1,284,1,3,7,1,1,1,1,114,14,5,1,0,0,1,1
61,3,1.0,0.0,0.75,1,239,1,4,6,1,1,1,1,40,5,3,1,0,0,1,1
70,3,0.5,0.5,0.5,1,297,1,4,7,3,1,1,1,117,9,3,1,0,0,1,1
67,3,0.75,0.25,1.0,1,299,1,2,6,2,0,1,1,30,4,5,0,0,1,1,1
84,4,0.75,0.25,0.75,1,163,1,3,7,2,1,1,1,61,6,1,1,0,0,1,1
58,3,0.5,0.5,0.5,1,238,1,4,4,4,1,1,1,123,3,1,1,0,0,1,1
66,3,0.75,0.25,1.0,1,309,1,1,5,1,1,1,0,32,12,5,0,1,0,1,1
57,3,0.25,0.75,1.0,1,121,1,1,5,1,1,1,0,50,3,5,1,0,0,1,0
63,3,1.0,0.0,0.25,1,287,1,3,6,4,1,1,1,66,3,5,0,0,1,1,1
66,3,0.75,0.25,1.0,1,250,1,3,3,3,1,1,1,26,7,4,0,0,1,1,1
65,3,0.25,0.75,0.75,1,200,1,1,4,1,0,1,0,36,7,2,0,1,0,1,1
64,3,0.75,0.25,1.0,1,264,1,4,8,2,1,1,1,120,5,5,0,0,1,1,1
90,4,0.75,0.25,1.0,1,362,1,2,3,3,0,1,1,61,5,5,0,0,1,1,1
66,3,0.75,0.25,0.75,1,240,1,1,6,2,1,1,0,30,5,1,1,0,0,1,1
62,3,1.0,0.0,1.0,1,250,1,1,6,3,0,1,0,28,13,5,0,1,0,1,0
67,3,0.5,0.5,0.75,1,229,1,2,5,3,0,1,1,34,9,3,1,0,0,1,1
64,3,0.75,0.25,1.0,1,187,1,2,3,2,1,1,1,46,13,3,0,1,0,1,1
60,3,0.75,0.25,1.0,1,120,1,1,3,4,1,1,0,33,14,1,1,0,0,1,1
67,3,1.0,0.0,0.75,1,248,1,2,4,2,1,1,1,53,10,5,1,0,0,1,1
66,3,0.75,0.25,0.75,1,242,1,4,3,4,1,1,1,76,12,5,0,0,1,1,1
84,4,0.5,0.5,1.0,1,99,1,1,3,1,1,1,0,46,2,1,1,0,0,1,1
65,3,0.5,0.5,0.25,1,200,1,2,3,2,1,1,1,57,14,5,0,0,1,1,1
64,3,0.75,0.25,1.0,1,218,1,1,4,3,1,1,0,37,7,1,0,0,1,1,1
63,3,0.75,0.25,1.0,1,248,1,2,8,4,1,1,1,35,10,2,0,1,0,1,1
65,3,0.75,0.25,0.25,1,261,1,2,6,1,1,1,1,28,4,2,1,0,0,1,1
65,3,0.75,0.25,1.0,1,303,1,2,3,4,0,1,1,65,2,1,0,0,1,1,1
69,3,0.75,0.25,0.5,1,353,1,1,6,1,1,1,0,34,13,5,0,0,1,1,1
71,3,0.75,0.25,0.75,1,380,1,2,3,2,1,1,1,23,7,3,1,0,0,1,1
69,3,0.5,0.5,0.25,1,273,1,4,5,2,1,1,1,118,2,1,1,0,0,1,1
68,3,0.75,0.25,0.75,1,310,1,1,3,2,1,1,0,67,10,1,1,0,0,1,0
76,4,0.75,0.25,0.5,1,114,1,2,3,4,0,1,1,51,1,1,0,0,1,1,1
65,3,0.25,0.75,0.25,1,142,1,2,3,3,1,1,1,52,7,1,0,0,1,1,1
61,3,1.0,0.0,1.0,1,151,1,1,5,4,1,1,0,33,10,1,0,1,0,1,1
62,3,1.0,0.0,1.0,1,193,1,2,5,2,0,1,1,40,11,4,0,1,0,1,0
82,4,0.75,0.25,0.75,1,255,1,2,5,4,1,1,1,52,7,1,0,1,0,1,1
67,3,0.75,0.25,1.0,1,225,1,4,6,2,1,1,1,42,6,5,0,0,1,1,0
69,3,0.5,0.5,0.5,1,284,1,3,7,3,1,1,1,69,12,1,0,0,1,1,1
64,3,0.75,0.25,0.25,1,314,1,1,7,3,0,1,0,36,3,1,0,0,1,1,1
62,3,0.25,0.75,0.25,1,150,1,1,6,3,1,1,0,29,2,3,0,1,0,1,1
66,3,0.75,0.25,0.25,1,269,1,2,6,3,0,1,1,69,3,4,1,0,0,1,1
63,3,0.5,0.5,0.75,1,209,1,2,5,2,1,1,1,47,12,5,0,1,0,1,0
69,3,1.0,0.0,0.75,1,299,1,1,4,3,1,1,0,42,7,2,1,0,0,1,1
64,3,0.75,0.25,0.5,1,285,1,2,5,4,0,1,1,45,1,5,1,0,0,1,1
63,3,0.75,0.25,0.5,1,130,1,2,3,2,1,1,1,44,3,1,0,0,1,1,1
63,3,0.75,0.25,0.5,1,127,1,1,8,3,1,1,0,51,1,1,0,1,0,1,1
67,3,1.0,0.0,1.0,1,322,1,2,5,1,1,1,1,91,12,5,1,0,0,1,1
69,3,0.5,0.5,0.75,1,263,1,1,7,2,1,1,0,50,7,1,0,0,1,1,1
61,3,0.75,0.25,0.5,1,312,1,1,8,4,1,1,0,26,1,1,1,0,0,1,1
81,4,0.25,0.75,0.75,1,182,1,1,5,3,1,1,0,36,4,3,0,1,0,1,1
80,4,1.0,0.0,1.0,1,217,1,2,8,1,1,1,1,70,9,1,0,0,1,1,1
59,3,0.75,0.25,0.5,1,223,1,2,5,3,1,1,1,35,9,5,1,0,0,1,1
67,3,0.75,0.25,0.5,1,245,1,4,3,4,1,1,1,109,12,1,1,0,0,1,1
90,4,1.0,0.0,0.75,1,269,1,1,3,1,1,1,0,23,1,1,1,0,0,1,0
62,3,0.5,0.5,0.75,1,213,1,1,3,1,1,1,0,20,1,1,0,0,1,1,1
84,4,0.75,0.25,0.5,1,273,1,2,8,2,0,1,1,42,1,5,1,0,0,1,1
66,3,0.75,0.25,1.0,1,231,1,4,5,3,1,1,1,43,6,5,1,0,0,1,1
67,3,0.5,0.5,1.0,1,144,1,1,4,2,1,1,0,26,11,1,1,0,0,1,0
62,3,0.75,0.25,1.0,1,218,1,3,5,4,1,1,1,83,10,1,0,1,0,1,1
66,3,0.75,0.25,0.75,1,266,1,2,4,4,0,1,1,32,3,5,0,0,1,1,0
68,3,0.75,0.25,0.75,1,184,1,4,8,3,1,1,1,121,10,1,0,1,0,1,1
60,3,0.75,0.25,0.25,1,246,1,2,8,2,1,1,1,63,10,1,1,0,0,1,1
77,4,1.0,0.0,0.75,1,195,1,1,3,1,0,1,0,64,3,1,1,0,0,1,1
67,3,0.75,0.25,1.0,1,297,1,4,7,4,1,1,1,118,11,5,1,0,0,1,0
67,3,1.0,0.0,0.75,1,334,1,1,5,4,1,1,0,32,6,3,1,0,0,1,1
65,3,0.5,0.5,1.0,1,160,1,2,3,2,1,1,1,39,1,5,1,0,0,1,1
69,3,0.75,0.25,1.0,1,308,1,1,8,3,1,1,0,23,6,5,1,0,0,1,0
60,3,0.75,0.25,0.5,1,237,1,1,3,4,0,1,0,50,11,4,0,1,0,1,1
67,3,0.5,0.5,0.75,1,215,1,2,4,3,1,1,1,76,10,1,0,0,1,1,1
67,3,0.5,0.5,1.0,1,259,1,2,3,1,0,1,1,23,4,5,0,0,1,1,1
88,4,0.5,0.5,0.5,1,190,1,2,5,3,1,1,1,17,11,5,1,0,0,1,1
63,3,0.5,0.5,1.0,1,216,1,1,6,4,1,1,0,26,6,1,1,0,0,1,1
63,3,0.75,0.25,1.0,1,241,1,2,4,4,0,1,1,68,7,1,0,1,0,1,1
67,3,0.5,0.5,0.75,1,201,1,2,3,2,0,1,1,46,2,2,0,1,0,1,1
71,3,0.5,0.5,0.75,1,279,1,1,3,3,0,1,0,41,14,1,1,0,0,1,1
67,3,0.75,0.25,0.25,1,241,1,3,8,2,0,1,1,68,12,1,0,0,1,1,0
54,3,0.75,0.25,0.75,1,88,1,2,7,3,1,1,1,66,3,4,0,0,1,1,0
83,4,0.75,0.25,0.75,1,166,1,4,8,1,0,1,1,31,8,5,1,0,0,1,1
56,3,0.5,0.5,0.5,1,106,1,3,6,2,1,1,1,75,11,1,0,0,1,1,1
85,4,0.75,0.25,0.5,1,246,1,3,6,2,1,1,1,53,8,3,1,0,0,1,1
83,4,0.75,0.25,0.25,1,283,1,2,7,2,1,1,1,62,3,1,1,0,0,1,1
64,3,0.75,0.25,0.75,1,182,1,1,6,2,1,1,0,37,14,1,1,0,0,1,1
60,3,0.5,0.5,0.25,1,175,1,1,5,1,1,1,0,61,4,1,1,0,0,1,0
61,3,0.75,0.25,0.75,1,252,1,1,4,3,1,1,0,18,5,1,0,0,1,1,1
70,3,0.75,0.25,0.75,1,299,1,4,5,2,0,1,1,124,6,2,1,0,0,1,1
66,3,0.75,0.25,1.0,1,233,1,2,3,4,1,1,1,37,13,5,1,0,0,1,1
57,3,1.0,0.0,0.75,1,131,1,1,4,1,1,1,0,40,8,5,1,0,0,1,1
88,4,1.0,0.0,0.25,1,267,1,2,7,3,1,1,1,62,11,1,0,0,1,1,1
58,3,0.5,0.5,1.0,1,103,1,1,8,1,0,1,0,47,13,1,1,0,0,1,1
62,3,0.75,0.25,1.0,1,189,1,2,3,3,1,1,1,112,13,1,1,0,0,1,1
69,3,0.75,0.25,0.75,1,302,1,2,3,2,0,1,1,50,12,2,0,1,0,1,1
66,3,0.5,0.5,0.5,1,292,1,1,3,2,1,1,0,43,13,5,0,0,1,1,1
64,3,0.5,0.5,1.0,1,161,1,3,7,3,1,1,1,49,14,5,1,0,0,1,1
64,3,0.75,0.25,0.75,1,252,1,3,4,4,1,1,1,45,14,4,1,0,0,1,1
61,3,1.0,0.0,0.75,1,213,1,2,4,2,1,1,1,41,10,5,0,0,1,1,1
91,4,0.5,0.5,0.75,1,268,1,4,3,4,0,1,1,64,2,3,0,1,0,1,1
65,3,0.5,0.5,1.0,1,253,1,2,8,1,0,1,1,24,2,4,1,0,0,1,1
55,3,0.5,0.5,1.0,1,183,1,1,5,2,1,1,0,42,12,1,1,0,0,1,1
86,4,0.5,0.5,0.25,1,164,1,2,7,2,1,1,1,32,5,5,1,0,0,1,1
95,4,1.0,0.0,0.75,1,294,1,1,7,4,1,1,0,36,12,2,1,0,0,1,1
58,3,0.75,0.25,1.0,1,109,1,1,3,1,1,1,0,22,14,5,1,0,0,1,1
78,4,0.5,0.5,0.75,1,232,1,1,7,2,1,1,0,37,10,1,0,1,0,1,1
58,3,0.75,0.25,1.0,1,116,1,2,6,2,1,1,1,47,11,1,0,1,0,1,1
83,4,0.5,0.5,0.5,1,212,1,3,6,4,1,1,1,101,4,1,0,1,0,1,1
68,3,0.75,0.25,0.25,1,321,1,1,4,2,0,1,0,72,7,1,0,0,1,1,0
62,3,0.75,0.25,0.5,1,224,1,1,8,4,1,1,0,39,14,1,1,0,0,1,1
61,3,0.5,0.5,0.25,1,88,1,2,8,3,1,1,1,39,12,1,1,0,0,1,1
67,3,0.75,0.25,0.5,1,243,1,1,5,3,1,1,0,33,3,2,1,0,0,1,1
55,3,0.5,0.5,1.0,1,106,1,1,3,4,1,1,0,53,14,1,0,0,1,1,1
64,3,0.75,0.25,1.0,1,187,1,2,8,1,1,1,1,72,7,1,0,1,0,1,1
71,3,0.5,0.5,1.0,1,234,1,1,8,2,1,1,0,28,12,1,1,0,0,1,1
66,3,1.0,0.0,0.5,1,263,1,2,6,3,1,1,1,40,8,2,1,0,0,1,1
67,3,0.75,0.25,0.5,1,307,1,1,6,1,0,1,0,47,9,3,1,0,0,1,1
65,3,0.5,0.5,0.75,1,216,1,1,4,1,1,1,0,29,3,5,0,0,1,1,0
67,3,0.75,0.25,0.75,1,241,1,4,3,1,1,1,1,34,5,5,0,0,1,1,1
60,3,0.5,0.5,0.25,1,222,1,3,8,4,0,1,1,81,11,3,0,0,1,1,1
63,3,0.75,0.25,0.5,1,183,1,1,5,3,0,1,0,50,12,5,0,1,0,1,1
67,3,0.75,0.25,0.75,1,312,1,4,4,2,0,1,1,78,2,5,0,1,0,1,1
71,3,0.75,0.25,0.5,1,248,1,2,7,3,1,1,1,40,2,4,0,1,0,1,1
80,4,0.75,0.25,0.25,1,181,1,2,3,3,1,1,1,53,10,1,0,0,1,1,1
67,3,0.75,0.25,1.0,1,168,1,3,3,4,0,1,1,57,7,1,0,0,1,1,1
65,3,0.75,0.25,1.0,1,301,1,4,4,4,1,1,1,119,12,1,0,0,1,1,1
67,3,0.5,0.5,0.75,1,220,1,2,5,4,1,1,1,44,1,5,1,0,0,1,1
63,3,0.75,0.25,0.75,1,183,1,1,5,1,1,1,0,44,5,3,0,0,1,1,1
84,4,0.75,0.25,0.75,1,333,1,1,4,4,0,1,0,16,1,1,1,0,0,1,0
60,3,0.5,0.5,0.75,1,92,1,1,5,2,1,1,0,46,10,5,0,0,1,1,1
66,3,0.75,0.25,1.0,1,186,1,1,5,2,1,1,0,64,13,1,1,0,0,1,1
67,3,0.75,0.25,0.5,1,316,1,2,6,3,1,1,1,46,3,1,0,1,0,1,1
54,3,0.5,0.5,1.0,1,101,1,1,6,3,1,1,0,25,5,5,0,1,0,1,0
84,4,0.75,0.25,0.75,1,275,1,2,8,2,1,1,1,30,12,4,0,0,1,1,1
63,3,0.5,0.5,1.0,1,214,1,1,7,4,1,1,0,23,1,1,1,0,0,1,0
58,3,0.75,0.25,0.25,1,125,1,1,4,1,0,1,0,29,14,1,1,0,0,1,0
59,3,0.75,0.25,0.25,1,108,1,2,8,1,0,1,1,96,13,1,1,0,0,1,1
63,3,0.5,0.5,0.25,1,275,1,1,6,1,1,1,0,27,3,1,1,0,0,1,1
54,3,0.75,0.25,0.25,1,124,1,2,4,4,1,1,1,29,2,1,0,0,1,1,0
70,3,0.25,0.75,0.75,1,273,1,1,5,2,1,1,0,55,10,4,0,1,0,1,0
64,3,0.75,0.25,0.5,1,245,1,1,7,2,1,1,0,26,1,5,0,1,0,1,1
76,4,0.75,0.25,1.0,1,259,1,1,7,3,1,1,0,32,8,5,0,0,1,1,0
68,3,0.75,0.25,0.75,1,239,1,1,5,2,1,1,0,16,1,1,1,0,0,1,1
66,3,0.75,0.25,0.5,1,235,1,1,3,3,1,1,0,14,8,1,0,1,0,1,1
60,3,0.5,0.5,0.25,1,201,1,2,4,1,0,1,1,52,5,5,0,1,0,1,1
64,3,0.5,0.5,0.5,1,286,1,1,3,1,1,1,0,40,10,3,1,0,0,1,1
68,3,0.5,0.5,1.0,1,209,1,3,7,4,1,1,1,45,13,2,1,0,0,1,1
69,3,0.5,0.5,0.5,1,270,1,1,6,2,1,1,0,55,7,3,0,1,0,1,1
85,4,0.75,0.25,1.0,1,106,1,2,5,1,0,1,1,75,9,1,1,0,0,1,1
64,3,0.75,0.25,0.75,1,194,1,3,7,2,1,1,1,122,9,4,0,0,1,1,1
69,3,0.75,0.25,0.25,1,295,1,1,7,2,0,1,0,21,14,4,0,0,1,1,1
62,3,0.75,0.25,1.0,1,182,1,2,7,2,0,1,1,70,4,1,0,0,1,1,1
71,3,0.75,0.25,0.75,1,299,1,1,3,2,1,1,0,46,4,2,1,0,0,1,1
67,3,0.75,0.25,0.5,1,251,1,3,6,3,1,1,1,95,6,1,1,0,0,1,1
88,4,0.5,0.5,0.75,1,207,1,1,8,1,1,1,0,35,11,5,0,0,1,1,1
61,3,0.5,0.5,0.75,1,144,1,1,7,2,0,1,0,24,13,1,0,0,1,1,0
67,3,0.5,0.5,0.5,1,283,1,3,4,2,1,1,1,23,4,2,1,0,0,1,1
64,3,0.5,0.5,0.5,1,229,1,2,5,3,1,1,1,55,2,1,1,0,0,1,1
68,3,0.75,0.25,0.75,1,245,1,1,8,4,1,1,0,110,9,2,1,0,0,1,1
91,4,0.75,0.25,0.75,1,288,1,1,3,4,1,1,0,70,9,4,1,0,0,1,1
64,3,0.5,0.5,0.5,1,230,1,1,6,2,0,1,0,29,6,1,1,0,0,1,0
64,3,0.75,0.25,0.5,1,229,1,1,3,3,1,1,0,20,3,1,0,1,0,1,0
66,3,0.75,0.25,0.75,1,232,1,2,8,1,0,1,1,64,12,1,0,0,1,1,1
68,3,0.75,0.25,1.0,1,286,1,1,3,3,1,1,0,24,12,5,1,0,0,1,1
71,3,0.75,0.25,0.75,1,320,1,2,3,1,1,1,1,62,11,1,1,0,0,1,1
52,3,0.5,0.5,0.25,1,110,1,3,4,1,1,1,1,89,9,1,1,0,0,1,0
63,3,0.5,0.5,0.25,1,229,1,2,4,3,1,1,1,49,4,1,0,0,1,1,1
66,3,0.5,0.5,0.75,1,299,1,3,5,1,1,1,1,87,6,5,0,0,1,1,0
55,3,0.75,0.25,0.5,1,222,1,2,4,2,1,1,1,71,1,1,0,1,0,1,1
62,3,0.75,0.25,0.5,1,214,1,1,5,1,0,1,0,33,4,1,1,0,0,1,1
63,3,0.75,0.25,0.5,1,229,1,2,6,3,0,1,1,45,7,1,1,0,0,1,1
62,3,0.75,0.25,0.5,1,171,1,4,6,4,1,1,1,75,7,2,0,0,1,1,1
87,4,0.75,0.25,0.25,1,227,1,1,8,3,1,1,0,24,2,4,1,0,0,1,0
62,3,0.75,0.25,0.75,1,164,1,4,5,4,1,1,1,111,14,5,0,0,1,1,1
59,3,0.75,0.25,0.25,1,176,1,3,6,2,1,1,1,60,4,5,1,0,0,1,1
65,3,0.75,0.25,0.5,1,222,1,2,7,1,1,1,1,47,8,1,0,1,0,1,1
71,3,0.75,0.25,0.5,1,305,1,3,4,1,1,1,1,70,7,5,0,1,0,1,1
68,3,1.0,0.0,1.0,1,381,1,3,7,1,1,1,1,64,7,1,0,1,0,1,1
63,3,1.0,0.0,1.0,1,267,1,4,8,1,0,1,1,22,12,4,1,0,0,1,0
70,3,1.0,0.0,0.75,1,328,1,2,4,2,0,1,1,110,11,1,1,0,0,1,1
68,3,0.75,0.25,1.0,1,309,1,2,4,1,1,1,1,52,13,4,0,0,1,1,1
83,4,0.5,0.5,0.25,1,154,1,1,5,3,1,1,0,35,6,1,0,1,0,1,0
65,3,0.75,0.25,1.0,1,272,1,4,4,1,0,1,1,69,4,1,0,0,1,1,1
86,4,0.5,0.5,0.75,1,224,1,1,6,3,1,1,0,24,6,5,0,1,0,1,0
56,3,0.75,0.25,0.25,1,92,1,1,8,2,0,1,0,42,8,3,1,0,0,1,1
68,3,0.75,0.25,1.0,1,285,1,1,6,3,1,1,0,40,5,3,0,0,1,1,1
80,4,0.75,0.25,0.75,1,154,1,4,3,3,1,1,1,41,7,5,0,0,1,1,1
65,3,1.0,0.0,0.25,1,320,1,2,4,4,1,1,1,43,3,1,1,0,0,1,1
61,3,0.75,0.25,0.5,1,238,1,4,7,2,1,1,1,120,9,2,0,0,1,1,1
70,3,0.75,0.25,0.5,1,293,1,1,4,2,0,1,0,32,10,5,0,1,0,1,1
61,3,0.75,0.25,0.75,1,210,1,2,6,3,0,1,1,67,8,1,0,1,0,1,1
59,3,0.75,0.25,0.75,1,188,1,2,7,3,1,1,1,58,13,1,1,0,0,1,1
65,3,0.75,0.25,0.5,1,251,1,1,4,2,0,1,0,45,14,4,0,1,0,1,0
69,3,0.75,0.25,1.0,1,226,1,4,6,3,0,1,1,83,13,3,1,0,0,1,1
52,3,0.75,0.25,0.5,1,105,1,1,5,2,1,1,0,29,2,1,1,0,0,1,1
58,3,0.75,0.25,0.5,1,181,1,3,3,2,1,1,1,65,13,5,0,0,1,1,1
56,3,0.5,0.5,0.5,1,103,1,2,5,2,0,1,1,52,5,1,0,0,1,1,1
91,4,0.5,0.5,1.0,1,252,1,1,5,4,0,1,0,35,7,1,0,0,1,1,0
60,3,0.75,0.25,0.75,1,117,1,2,3,3,1,1,1,35,6,1,0,0,1,1,1
65,3,0.75,0.25,1.0,1,180,1,1,8,1,1,1,0,16,4,1,0,1,0,1,1
62,3,0.75,0.25,0.75,1,237,1,3,6,4,0,1,1,78,13,5,0,1,0,1,1
65,3,0.75,0.25,0.75,1,288,1,3,3,3,0,1,1,105,9,1,1,0,0,1,1
64,3,1.0,0.0,0.75,1,192,1,3,8,1,1,1,1,59,14,1,1,0,0,1,1
65,3,0.5,0.5,0.25,1,217,1,1,8,3,0,1,0,25,14,1,1,0,0,1,0
67,3,0.75,0.25,0.25,1,241,1,1,3,3,1,1,0,31,6,1,1,0,0,1,0
62,3,1.0,0.0,0.5,1,209,1,2,3,4,1,1,1,64,11,1,1,0,0,1,1
60,3,0.25,0.75,0.25,1,96,1,1,5,2,1,1,0,38,8,1,1,0,0,1,1
66,3,0.5,0.5,1.0,1,216,1,2,6,3,1,1,1,29,7,2,1,0,0,1,1
71,3,0.5,0.5,0.5,1,273,1,3,7,2,1,1,1,98,11,5,1,0,0,1,1
65,3,0.75,0.25,0.5,1,187,1,2,5,2,1,1,1,29,10,5,1,0,0,1,1
54,3,0.5,0.5,0.75,1,109,1,4,6,3,1,1,1,119,13,1,0,0,1,1,1
62,3,0.75,0.25,0.5,1,293,1,2,3,4,1,1,1,35,11,1,1,0,0,1,1
87,4,0.75,0.25,0.25,1,252,1,1,6,4,1,1,0,39,9,1,0,0,1,1,1
66,3,0.75,0.25,0.5,1,195,1,4,8,4,1,1,1,33,13,5,0,0,1,1,1
62,3,0.75,0.25,0.5,1,259,1,1,6,3,1,1,0,28,2,4,0,1,0,1,1
60,3,0.5,0.5,0.25,1,247,1,4,5,3,1,1,1,49,11,3,1,0,0,1,1
63,3,0.25,0.75,0.25,1,127,1,2,4,2,0,1,1,24,6,5,1,0,0,1,0
71,3,0.75,0.25,1.0,1,300,1,2,8,4,0,1,1,56,7,3,1,0,0,1,1
83,4,0.25,0.75,0.5,1,80,1,4,3,2,1,1,1,123,11,1,0,1,0,1,1
70,3,0.75,0.25,0.75,1,299,1,2,4,2,1,1,1,26,4,5,0,0,1,1,1
61,3,0.25,0.75,1.0,1,130,1,2,3,4,0,1,1,23,13,5,0,0,1,1,0
57,3,0.25,0.75,1.0,1,58,1,4,8,3,1,1,1,118,7,1,0,1,0,1,0
65,3,1.0,0.0,0.75,1,261,1,4,5,2,0,1,1,80,5,3,1,0,0,1,1
64,3,0.75,0.25,0.25,1,228,1,2,8,4,1,1,1,107,5,1,0,1,0,1,1
65,3,1.0,0.0,0.75,1,321,1,1,6,4,0,1,0,112,6,1,0,0,1,1,0
71,3,0.75,0.25,0.75,1,228,1,3,6,2,0,1,1,122,14,1,1,0,0,1,1
65,3,0.5,0.5,1.0,1,84,1,1,6,3,1,1,0,37,2,1,0,1,0,1,1
66,3,0.75,0.25,0.5,1,184,1,4,4,2,0,1,1,66,8,3,0,0,1,1,1
65,3,0.75,0.25,0.5,1,302,1,1,6,3,0,1,0,60,12,5,1,0,0,1,1
71,3,1.0,0.0,1.0,1,329,1,2,7,4,1,1,1,90,7,1,1,0,0,1,1
64,3,0.75,0.25,0.75,1,213,1,3,8,3,1,1,1,50,8,3,1,0,0,1,1
70,3,0.75,0.25,0.25,1,304,1,1,6,4,0,1,0,50,5,1,1,0,0,1,1
69,3,0.5,0.5,0.25,1,227,1,3,8,3,1,1,1,88,2,2,1,0,0,1,1
67,3,0.75,0.25,0.5,1,224,1,2,8,4,0,1,1,22,9,5,1,0,0,1,0
67,3,0.75,0.25,0.5,1,221,1,1,6,2,1,1,0,33,13,5,1,0,0,1,0
70,3,0.75,0.25,1.0,1,324,1,1,5,2,1,1,0,27,8,1,0,0,1,1,1
79,4,0.75,0.25,0.5,1,106,1,1,3,2,1,1,0,27,7,1,1,0,0,1,1
63,3,0.75,0.25,0.25,1,284,1,1,4,4,1,1,0,27,2,3,0,0,1,1,1
69,3,0.75,0.25,1.0,1,299,1,4,8,3,1,1,1,62,14,2,1,0,0,1,1
64,3,0.75,0.25,0.25,1,239,1,2,3,1,1,1,1,39,13,3,0,0,1,1,1
61,3,0.75,0.25,0.5,1,226,1,2,5,1,0,1,1,41,13,1,1,0,0,1,1
64,3,0.5,0.5,0.75,1,95,1,1,7,3,1,1,0,43,6,1,0,0,1,1,1
73,3,0.75,0.25,1.0,1,318,1,4,4,4,1,1,1,35,9,5,1,0,0,1,1
72,3,0.5,0.5,0.5,1,268,1,3,8,2,1,1,1,57,7,5,0,1,0,1,1
66,3,0.75,0.25,0.5,1,219,1,1,6,3,1,1,0,46,4,2,0,1,0,1,1
75,3,0.5,0.5,0.5,1,354,1,3,3,4,0,1,1,98,3,1,0,1,0,1,1
59,3,0.5,0.5,0.5,1,107,1,4,4,3,1,1,1,61,6,5,0,0,1,1,1
66,3,0.5,0.5,0.75,1,211,1,3,7,4,0,1,1,25,8,5,0,0,1,1,1
62,3,0.75,0.25,0.5,1,216,1,1,8,3,1,1,0,23,2,1,0,0,1,1,0
66,3,0.5,0.5,0.25,1,209,1,1,8,3,1,1,0,33,10,1,0,1,0,1,0
87,4,0.5,0.5,0.25,1,279,1,2,8,4,1,1,1,100,7,5,0,0,1,1,1
64,3,0.75,0.25,0.75,1,317,1,1,3,3,1,1,0,70,13,5,0,0,1,1,0
62,3,0.5,0.5,0.25,1,144,1,3,7,1,0,1,1,77,4,1,1,0,0,1,0
62,3,0.5,0.5,0.25,1,159,1,1,3,2,1,1,0,48,1,1,1,0,0,1,1
71,3,0.75,0.25,0.75,1,250,1,2,3,1,0,1,1,46,5,1,1,0,0,1,1
65,3,1.0,0.0,0.75,1,164,1,1,7,3,1,1,0,67,14,1,0,1,0,1,1
59,3,0.5,0.5,0.25,1,116,1,3,5,1,0,1,1,117,5,1,1,0,0,1,1
88,4,0.75,0.25,1.0,1,282,1,3,6,3,0,1,1,72,10,4,0,0,1,1,1
71,3,0.25,0.75,1.0,1,325,1,1,8,2,1,1,0,24,12,1,0,1,0,1,1
59,3,0.75,0.25,0.5,1,124,1,3,3,1,1,1,1,35,4,3,1,0,0,1,1
62,3,0.75,0.25,1.0,1,256,1,2,6,1,1,1,1,53,9,3,1,0,0,1,1
62,3,0.5,0.5,1.0,1,168,1,3,8,3,1,1,1,128,3,5,0,0,1,1,0
63,3,0.5,0.5,0.75,1,184,1,3,5,1,1,1,1,36,6,4,0,0,1,1,1
80,4,0.75,0.25,0.25,1,228,1,3,6,4,1,1,1,55,5,1,0,0,1,1,0
89,4,0.5,0.5,0.5,1,282,1,2,5,4,0,1,1,82,10,1,1,0,0,1,0
63,3,0.75,0.25,1.0,1,177,1,1,8,3,0,1,0,31,13,1,1,0,0,1,1
54,3,0.75,0.25,0.75,1,127,1,2,3,1,1,1,1,45,4,1,1,0,0,1,1
68,3,0.5,0.5,0.75,1,292,1,2,8,4,1,1,1,30,5,2,1,0,0,1,1
62,3,0.75,0.25,0.5,1,129,1,1,7,3,1,1,0,66,12,1,0,1,0,1,0
87,4,0.75,0.25,0.75,1,237,1,1,7,2,0,1,0,29,7,1,1,0,0,1,0
87,4,0.5,0.5,0.5,1,192,1,1,5,1,0,1,0,30,8,4,0,0,1,1,0
62,3,0.75,0.25,1.0,1,173,1,4,6,3,1,1,1,118,10,1,1,0,0,1,1
63,3,0.5,0.5,0.25,1,226,1,1,5,4,1,1,0,20,2,1,0,0,1,1,0
65,3,0.75,0.25,1.0,1,284,1,2,4,1,1,1,1,30,13,3,1,0,0,1,0
66,3,0.75,0.25,0.75,1,249,1,2,8,1,1,1,1,34,6,1,1,0,0,1,1
69,3,0.5,0.5,1.0,1,294,1,1,6,2,1,1,0,31,10,3,0,1,0,1,1
91,4,1.0,0.0,0.75,1,322,1,4,7,3,1,1,1,52,7,2,0,1,0,1,1
72,3,0.5,0.5,1.0,1,234,1,2,3,2,1,1,1,86,11,1,1,0,0,1,1
68,3,0.75,0.25,1.0,1,281,1,3,7,2,1,1,1,57,9,5,1,0,0,1,1
65,3,0.5,0.5,0.5,1,308,1,3,6,2,1,1,1,57,3,1,0,1,0,1,1
86,4,0.75,0.25,0.25,1,292,1,1,8,1,0,1,0,55,3,4,0,1,0,1,1
66,3,0.75,0.25,0.5,1,210,1,3,3,1,1,1,1,65,13,1,1,0,0,1,1
59,3,0.75,0.25,1.0,1,139,1,4,6,1,1,1,1,95,8,3,0,0,1,1,1
61,3,0.75,0.25,0.75,1,180,1,3,6,3,1,1,1,20,4,5,0,0,1,1,1
66,3,0.75,0.25,0.75,1,257,1,3,6,4,0,1,1,61,3,5,1,0,0,1,1
64,3,0.75,0.25,1.0,1,244,1,4,3,2,1,1,1,113,2,5,0,1,0,1,0
63,3,0.5,0.5,0.25,1,227,1,4,5,1,0,1,1,120,13,1,0,1,0,1,1
60,3,0.5,0.5,0.75,1,105,1,1,4,2,1,1,0,31,14,1,0,1,0,1,1
64,3,0.75,0.25,0.75,1,250,1,2,6,4,1,1,1,40,6,5,1,0,0,1,1
88,4,0.75,0.25,0.25,1,334,1,2,4,1,0,1,1,76,3,2,0,1,0,1,1
66,3,1.0,0.0,0.25,1,275,1,1,5,2,0,1,0,33,6,1,1,0,0,1,1
56,3,0.5,0.5,0.25,1,76,1,1,6,3,1,1,0,47,2,1,0,0,1,1,1
61,3,0.75,0.25,1.0,1,187,1,2,3,2,0,1,1,48,8,1,1,0,0,1,1
73,3,0.5,0.5,0.5,1,297,1,4,7,2,1,1,1,72,9,5,0,0,1,1,1
59,3,0.75,0.25,1.0,1,198,1,2,7,2,1,1,1,40,14,2,0,1,0,1,1
59,3,0.75,0.25,1.0,1,234,1,1,3,2,1,1,0,55,5,1,1,0,0,1,1
60,3,0.25,0.75,0.25,1,217,1,2,3,3,0,1,1,19,3,4,0,0,1,1,1
59,3,0.5,0.5,0.75,1,114,1,2,8,3,1,1,1,67,2,1,1,0,0,1,1
65,3,1.0,0.0,1.0,1,299,1,1,4,1,1,1,0,54,6,1,1,0,0,1,1
65,3,0.5,0.5,1.0,1,209,1,1,8,1,1,1,0,36,9,1,0,0,1,1,1
63,3,0.75,0.25,1.0,1,112,1,1,5,2,1,1,0,18,1,1,1,0,0,1,0
60,3,0.75,0.25,0.25,1,295,1,2,5,4,1,1,1,40,11,1,1,0,0,1,0
69,3,0.75,0.25,0.25,1,293,1,1,4,1,0,1,0,19,7,3,1,0,0,1,1
70,3,0.75,0.25,0.75,1,227,1,1,6,1,0,1,0,22,12,1,0,1,0,1,0
59,3,0.5,0.5,0.75,1,119,1,2,3,3,0,1,1,49,7,5,0,1,0,1,1
64,3,0.5,0.5,0.75,1,213,1,1,5,2,1,1,0,33,3,1,0,1,0,1,1
76,4,0.75,0.25,0.25,1,126,1,2,5,1,1,1,1,45,1,1,0,0,1,1,1
66,3,0.75,0.25,0.5,1,293,1,1,3,1,1,1,0,43,8,1,1,0,0,1,1
58,3,0.5,0.5,0.25,1,129,1,3,5,3,0,1,1,68,8,1,1,0,0,1,0
73,3,0.75,0.25,0.75,1,300,1,3,6,3,1,1,1,112,12,5,1,0,0,1,1
71,3,0.75,0.25,0.5,1,259,1,4,7,3,0,1,1,124,13,1,1,0,0,1,0
67,3,0.75,0.25,1.0,1,304,1,2,3,2,1,1,1,47,3,5,0,0,1,1,1
74,3,0.5,0.5,0.5,1,292,1,1,8,3,1,1,0,58,5,5,1,0,0,1,1
84,4,0.75,0.25,1.0,1,244,1,1,8,4,0,1,0,43,3,5,1,0,0,1,1
65,3,0.75,0.25,1.0,1,141,1,1,7,2,0,1,0,21,2,1,0,0,1,1,0
87,4,1.0,0.0,0.5,1,321,1,1,8,2,1,1,0,56,1,1,0,0,1,1,1
66,3,0.5,0.5,0.25,1,227,1,2,5,1,1,1,1,76,2,1,0,0,1,1,1
63,3,0.5,0.5,1.0,1,165,1,2,7,3,0,1,1,29,8,3,1,0,0,1,1
75,3,0.5,0.5,0.5,1,216,1,3,7,1,1,1,1,58,3,2,0,1,0,1,1
87,4,0.5,0.5,0.75,1,226,1,2,6,1,1,1,1,90,3,1,1,0,0,1,1
66,3,0.5,0.5,0.5,1,314,1,1,4,3,1,1,0,20,2,1,1,0,0,1,1
68,3,0.25,0.75,0.5,1,196,1,2,6,1,1,1,1,47,11,5,0,0,1,1,0
58,3,0.75,0.25,0.75,1,126,1,1,8,4,1,1,0,27,9,1,0,1,0,1,1
67,3,0.75,0.25,1.0,1,319,1,4,8,2,1,1,1,50,14,4,1,0,0,1,1
62,3,0.75,0.25,0.25,1,137,1,1,5,2,1,1,0,72,2,1,0,0,1,1,1
81,4,0.75,0.25,0.75,1,180,1,1,4,3,1,1,0,25,3,1,0,0,1,1,1
66,3,0.75,0.25,0.75,1,204,1,1,7,3,1,1,0,34,7,4,1,0,0,1,1
65,3,0.5,0.5,0.5,1,228,1,2,3,2,1,1,1,92,10,1,0,0,1,1,1
66,3,0.5,0.5,0.25,1,187,1,1,3,4,1,1,0,28,2,1,0,1,0,1,1
70,3,0.75,0.25,0.75,1,322,1,1,6,4,1,1,0,54,3,1,1,0,0,1,0
56,3,0.75,0.25,0.5,1,183,1,4,8,1,1,1,1,47,6,3,0,1,0,1,1
61,3,0.25,0.75,0.25,1,95,1,1,4,3,0,1,0,42,1,1,0,0,1,1,1
65,3,0.5,0.5,0.5,1,266,1,1,5,2,1,1,0,30,6,1,0,0,1,1,0
80,4,0.75,0.25,0.25,1,217,1,4,4,4,1,1,1,117,11,5,0,1,0,1,1
65,3,0.25,0.75,1.0,1,204,1,1,5,2,0,1,0,19,8,2,0,1,0,1,1
66,3,0.75,0.25,1.0,1,239,1,1,3,2,1,1,0,41,7,1,1,0,0,1,1
60,3,0.5,0.5,0.25,1,153,1,1,6,3,1,1,0,27,7,5,1,0,0,1,0
71,3,0.75,0.25,0.75,1,301,1,2,6,4,0,1,1,36,14,5,0,0,1,1,1
64,3,0.75,0.25,1.0,1,342,1,2,4,1,1,1,1,19,8,5,0,1,0,1,1
83,4,0.75,0.25,0.75,1,253,1,4,4,3,1,1,1,34,8,2,0,0,1,1,1
66,3,0.5,0.5,0.75,1,296,1,1,7,2,0,1,0,47,14,1,1,0,0,1,1
62,3,0.75,0.25,0.25,1,193,1,4,4,3,0,1,1,44,3,5,1,0,0,1,1
69,3,0.75,0.25,1.0,1,322,1,2,3,3,0,1,1,59,2,3,0,1,0,1,1
59,3,0.75,0.25,0.25,1,177,1,1,3,4,0,1,0,30,7,1,0,0,1,1,0
67,3,0.75,0.25,0.25,1,209,1,2,8,4,0,1,1,71,5,1,1,0,0,1,1
68,3,0.25,0.75,0.75,1,257,1,1,5,3,1,1,0,71,3,1,1,0,0,1,1
63,3,0.75,0.25,0.25,1,312,1,2,3,3,1,1,1,75,2,1,1,0,0,1,1
81,4,0.75,0.25,0.5,1,285,1,2,8,4,0,1,1,122,13,1,0,0,1,1,1
65,3,1.0,0.0,1.0,1,257,1,1,3,1,0,1,0,26,9,1,0,0,1,1,1
68,3,0.75,0.25,0.75,1,290,1,2,5,3,1,1,1,50,10,2,0,0,1,1,1
71,3,1.0,0.0,0.25,1,403,1,2,3,4,1,1,1,47,2,5,1,0,0,1,1
68,3,1.0,0.0,0.5,1,331,1,2,7,1,1,1,1,84,5,1,0,0,1,1,1
85,4,0.5,0.5,0.75,1,230,1,1,7,4,0,1,0,37,9,1,1,0,0,1,1
65,3,0.75,0.25,1.0,1,189,1,2,7,3,1,1,1,64,8,4,0,0,1,1,1
81,4,0.25,0.75,0.75,1,199,1,3,4,2,1,1,1,49,10,2,1,0,0,1,1
62,3,0.75,0.25,0.5,1,243,1,1,4,2,1,1,0,92,10,1,1,0,0,1,1
62,3,0.5,0.5,0.5,1,202,1,2,8,2,1,1,1,39,6,5,0,0,1,1,1
69,3,0.75,0.25,0.5,1,267,1,2,7,4,1,1,1,33,11,1,0,0,1,1,1
88,4,0.75,0.25,0.25,1,242,1,1,3,4,1,1,0,76,4,1,1,0,0,1,1
70,3,0.75,0.25,0.75,1,365,1,3,7,4,0,1,1,28,2,3,1,0,0,1,1
55,3,0.5,0.5,0.5,1,178,1,3,7,3,1,1,1,90,13,4,0,0,1,1,1
60,3,0.75,0.25,1.0,1,264,1,1,6,1,0,1,0,67,1,1,0,0,1,1,1
66,3,0.75,0.25,0.25,1,324,1,3,6,4,1,1,1,48,4,5,0,0,1,1,1
58,3,1.0,0.0,1.0,1,125,1,1,3,1,1,1,0,65,2,1,0,1,0,1,1
83,4,0.5,0.5,0.5,1,215,1,1,3,1,1,1,0,24,4,1,1,0,0,1,0
65,3,0.75,0.25,0.25,1,247,1,1,3,1,1,1,0,27,6,1,0,0,1,1,1
64,3,0.75,0.25,0.25,1,278,1,4,3,4,1,1,1,60,2,3,0,0,1,1,1
65,3,0.75,0.25,1.0,1,202,1,2,8,2,0,1,1,54,7,1,0,0,1,1,1
63,3,0.5,0.5,0.5,1,237,1,2,6,1,0,1,1,66,13,1,1,0,0,1,1
63,3,0.5,0.5,1.0,1,214,1,2,7,1,1,1,1,54,2,5,1,0,0,1,1
67,3,0.25,0.75,0.5,1,187,1,4,4,2,1,1,1,66,13,3,1,0,0,1,1
58,3,0.5,0.5,0.75,1,172,1,4,8,3,1,1,1,22,6,2,0,0,1,1,1
66,3,0.75,0.25,0.75,1,223,1,1,4,4,1,1,0,78,9,1,1,0,0,1,1
63,3,1.0,0.0,0.75,1,196,1,1,8,3,1,1,0,22,7,5,1,0,0,1,1
62,3,0.75,0.25,0.5,1,178,1,1,3,3,1,1,0,36,5,1,0,0,1,1,1
70,3,0.75,0.25,0.5,1,264,1,2,3,4,1,1,1,51,2,1,0,0,1,1,1
63,3,0.5,0.5,0.75,1,215,1,4,3,4,1,1,1,23,9,5,1,0,0,1,1
71,3,0.5,0.5,0.5,1,183,1,4,7,2,1,1,1,53,13,3,0,0,1,1,1
65,3,1.0,0.0,1.0,1,268,1,1,4,4,0,1,0,35,8,1,0,1,0,1,1
61,3,0.75,0.25,0.75,1,230,1,4,5,3,1,1,1,112,9,5,0,1,0,1,1
71,3,1.0,0.0,1.0,1,381,1,3,5,4,1,1,1,67,10,1,1,0,0,1,1
62,3,1.0,0.0,1.0,1,259,1,1,7,1,0,1,0,20,6,1,0,1,0,1,1
79,4,0.75,0.25,1.0,1,176,1,1,5,1,1,1,0,30,2,1,0,0,1,1,1
60,3,0.25,0.75,1.0,1,92,1,1,3,4,0,1,0,26,8,1,0,0,1,1,0
83,4,0.75,0.25,0.5,1,157,1,1,5,3,1,1,0,62,13,1,0,1,0,1,1
63,3,0.25,0.75,0.25,1,192,1,4,4,1,1,1,1,115,5,2,0,0,1,1,0
62,3,0.5,0.5,1.0,1,110,1,4,7,4,1,1,1,116,13,1,1,0,0,1,1
84,4,0.5,0.5,0.75,1,151,1,1,7,1,1,1,0,35,12,1,0,0,1,1,0
67,3,0.5,0.5,0.75,1,136,1,4,3,3,1,1,1,84,4,2,0,0,1,1,1
67,3,0.75,0.25,1.0,1,250,1,2,7,1,1,1,1,37,9,1,1,0,0,1,1
88,4,0.75,0.25,0.25,1,257,1,4,3,1,1,1,1,116,11,4,0,1,0,1,1
63,3,0.75,0.25,1.0,1,299,1,3,6,4,0,1,1,67,7,5,0,1,0,1,1
64,3,0.75,0.25,0.75,1,211,1,2,5,4,0,1,1,87,10,4,1,0,0,1,1
66,3,0.75,0.25,0.75,1,311,1,1,4,1,1,1,0,41,13,1,0,0,1,1,1
63,3,1.0,0.0,1.0,1,175,1,4,5,1,1,1,1,127,9,1,1,0,0,1,1
64,3,0.5,0.5,1.0,1,225,1,2,4,3,0,1,1,66,12,4,1,0,0,1,1
59,3,0.75,0.25,1.0,1,107,1,1,7,1,1,1,0,35,12,1,0,1,0,1,1
74,3,1.0,0.0,1.0,1,303,1,2,8,3,1,1,1,28,12,5,0,0,1,1,1
68,3,0.5,0.5,1.0,1,273,1,3,7,4,1,1,1,122,12,3,1,0,0,1,1
69,3,0.75,0.25,1.0,1,297,1,2,5,4,1,1,1,96,4,5,0,0,1,1,1
65,3,0.75,0.25,1.0,1,230,1,3,6,1,0,1,1,66,1,1,1,0,0,1,0
65,3,0.5,0.5,0.5,1,229,1,1,5,1,1,1,0,35,3,1,1,0,0,1,1
62,3,0.5,0.5,0.5,1,153,1,1,7,3,1,1,0,61,4,1,0,1,0,1,1
64,3,0.75,0.25,0.75,1,195,1,2,6,1,1,1,1,68,10,5,1,0,0,1,1
69,3,0.75,0.25,0.25,1,244,1,1,5,3,1,1,0,64,8,3,1,0,0,1,0
70,3,0.75,0.25,0.5,1,230,1,1,5,2,1,1,0,36,7,2,0,0,1,1,1
66,3,0.75,0.25,1.0,1,227,1,1,5,3,1,1,0,28,1,1,0,0,1,1,1
67,3,1.0,0.0,0.75,1,235,1,2,6,1,1,1,1,77,10,1,1,0,0,1,1
81,4,0.75,0.25,0.75,1,244,1,4,7,4,0,1,1,24,6,3,1,0,0,1,1
68,3,0.5,0.5,1.0,1,275,1,4,5,3,0,1,1,110,11,5,0,1,0,1,1
71,3,0.75,0.25,1.0,1,264,1,1,7,1,0,1,0,25,2,1,1,0,0,1,1
65,3,0.75,0.25,0.25,1,172,1,2,7,2,1,1,1,72,5,1,0,0,1,1,0
66,3,0.75,0.25,0.25,1,226,1,1,5,1,0,1,0,44,1,1,0,0,1,1,0
68,3,0.5,0.5,0.25,1,244,1,2,8,2,1,1,1,65,4,1,0,0,1,1,1
70,3,0.75,0.25,0.25,1,274,1,3,4,2,1,1,1,60,13,3,0,1,0,1,1
66,3,0.75,0.25,0.75,1,158,1,1,8,1,1,1,0,59,7,5,1,0,0,1,1
66,3,0.25,0.75,0.25,1,217,1,2,4,3,1,1,1,72,7,1,1,0,0,1,1
64,3,0.75,0.25,0.5,1,260,1,4,6,3,0,1,1,25,4,4,0,0,1,1,1
69,3,0.5,0.5,0.75,1,269,1,3,4,1,0,1,1,46,4,2,1,0,0,1,0
56,3,0.75,0.25,0.75,1,231,1,3,5,1,1,1,1,63,10,5,0,0,1,1,0
88,4,0.75,0.25,1.0,1,309,1,3,5,1,0,1,1,57,14,1,0,1,0,1,1
51,3,0.75,0.25,0.25,1,145,1,2,7,3,0,1,1,57,11,1,1,0,0,1,1
63,3,0.75,0.25,0.25,1,272,1,3,3,2,1,1,1,66,11,1,0,0,1,1,1
64,3,0.25,0.75,0.25,1,136,1,2,8,1,1,1,1,115,7,1,1,0,0,1,1
67,3,0.75,0.25,0.25,1,263,1,1,8,1,1,1,0,43,2,1,1,0,0,1,0
62,3,0.75,0.25,0.75,1,233,1,1,6,4,1,1,0,45,11,4,1,0,0,1,0
57,3,0.75,0.25,1.0,1,122,1,4,6,2,1,1,1,116,12,1,0,0,1,1,1
66,3,0.25,0.75,1.0,1,157,1,4,7,3,1,1,1,118,8,4,0,1,0,1,1
67,3,0.75,0.25,0.25,1,332,1,4,4,2,1,1,1,58,2,5,0,0,1,1,1
69,3,0.75,0.25,0.5,1,171,1,1,7,1,0,1,0,42,10,5,1,0,0,1,1
65,3,0.75,0.25,1.0,1,240,1,3,4,2,1,1,1,67,13,1,1,0,0,1,1
66,3,0.75,0.25,0.75,1,267,1,2,7,1,1,1,1,67,4,1,1,0,0,1,1
70,3,0.75,0.25,1.0,1,217,1,2,4,3,1,1,1,73,3,1,1,0,0,1,1
69,3,0.75,0.25,0.5,1,315,1,2,7,2,1,1,1,71,11,1,0,0,1,1,1
62,3,0.75,0.25,0.5,1,225,1,4,7,2,1,1,1,115,5,1,0,0,1,1,1
62,3,0.75,0.25,1.0,1,182,1,2,4,1,1,1,1,59,11,3,0,0,1,1,1
62,3,0.75,0.25,1.0,1,176,1,2,6,4,0,1,1,74,10,1,0,0,1,1,1
55,3,0.75,0.25,0.75,1,106,1,1,5,1,0,1,0,37,4,3,1,0,0,1,1
67,3,0.5,0.5,1.0,1,265,1,3,4,3,1,1,1,76,1,5,1,0,0,1,0
85,4,0.75,0.25,0.75,1,304,1,1,6,4,1,1,0,41,8,3,0,0,1,1,1
68,3,1.0,0.0,1.0,1,275,1,2,8,3,1,1,1,96,6,2,0,1,0,1,1
65,3,0.75,0.25,0.75,1,238,1,3,3,3,1,1,1,71,12,1,0,0,1,1,1
64,3,1.0,0.0,0.5,1,261,1,1,8,4,0,1,0,15,6,5,1,0,0,1,1
62,3,0.5,0.5,0.5,1,169,1,4,8,1,0,1,1,45,4,3,1,0,0,1,1
66,3,0.75,0.25,0.75,1,225,1,1,6,4,1,1,0,17,13,1,1,0,0,1,1
67,3,0.5,0.5,0.5,1,231,1,2,6,3,1,1,1,59,11,1,1,0,0,1,1
75,4,0.25,0.75,0.5,1,92,1,2,5,2,1,1,1,57,9,3,0,1,0,1,1
65,3,1.0,0.0,0.75,1,359,1,4,3,2,0,1,1,118,14,5,1,0,0,1,0
69,3,0.75,0.25,0.25,1,234,1,4,6,3,0,1,1,115,11,4,1,0,0,1,1
77,4,0.5,0.5,0.75,1,93,1,1,7,4,0,1,0,42,13,1,1,0,0,1,1
74,4,1.0,0.0,0.5,1,152,1,2,4,3,1,1,1,81,12,5,1,0,0,1,1
67,3,0.75,0.25,0.25,1,252,1,2,7,1,0,1,1,65,6,4,1,0,0,1,1
67,3,0.5,0.5,0.75,1,212,1,1,7,2,1,1,0,21,1,5,1,0,0,1,0
64,3,0.75,0.25,0.75,1,294,1,2,7,3,0,1,1,40,9,1,0,0,1,1,0
66,3,1.0,0.0,1.0,1,268,1,1,5,2,1,1,0,44,11,1,0,1,0,1,1
70,3,0.75,0.25,1.0,1,288,1,2,5,4,1,1,1,80,14,1,1,0,0,1,1
66,3,0.5,0.5,0.75,1,214,1,2,5,3,0,1,1,45,10,1,0,1,0,1,1
70,3,0.75,0.25,1.0,1,301,1,2,8,1,0,1,1,68,8,1,1,0,0,1,0
64,3,0.5,0.5,1.0,1,295,1,2,8,3,0,1,1,44,9,3,1,0,0,1,1
66,3,0.75,0.25,0.5,1,231,1,3,5,1,1,1,1,37,2,2,1,0,0,1,1
64,3,0.75,0.25,0.25,1,212,1,2,8,2,0,1,1,51,1,3,1,0,0,1,1
58,3,0.75,0.25,1.0,1,91,1,1,6,2,1,1,0,60,1,5,1,0,0,1,1
62,3,0.75,0.25,0.25,1,101,1,2,5,4,1,1,1,43,13,5,0,1,0,1,1
64,3,0.75,0.25,0.25,1,100,1,2,3,4,1,1,1,36,12,1,1,0,0,1,1
86,4,0.75,0.25,0.5,1,178,1,3,6,2,0,1,1,60,4,3,1,0,0,1,1
63,3,1.0,0.0,0.5,1,122,1,2,6,3,0,1,1,32,6,2,1,0,0,1,1
62,3,1.0,0.0,0.5,1,189,1,4,8,3,0,1,1,54,7,2,1,0,0,1,1
66,3,0.5,0.5,0.25,1,208,1,2,7,3,1,1,1,120,4,1,0,0,1,1,1
68,3,0.5,0.5,1.0,1,213,1,2,3,3,1,1,1,59,6,1,1,0,0,1,1
69,3,0.75,0.25,1.0,1,320,1,1,6,4,0,1,0,64,5,1,1,0,0,1,0
60,3,0.5,0.5,1.0,1,110,1,1,7,4,1,1,0,42,10,1,1,0,0,1,1
68,3,0.75,0.25,0.75,1,240,1,4,5,4,1,1,1,120,11,1,0,1,0,1,1
68,3,0.75,0.25,0.75,1,293,1,1,5,1,1,1,0,42,2,5,1,0,0,1,1
63,3,0.75,0.25,0.25,1,234,1,1,7,2,0,1,0,35,7,4,0,0,1,1,1
61,3,0.75,0.25,0.75,1,185,1,3,6,2,0,1,1,34,14,2,0,0,1,1,1
67,3,0.75,0.25,0.5,1,249,1,1,7,3,1,1,0,35,13,4,1,0,0,1,1
65,3,1.0,0.0,1.0,1,246,1,1,5,3,1,1,0,53,12,1,0,1,0,1,1
66,3,0.5,0.5,0.25,1,221,1,3,4,3,0,1,1,69,11,1,0,0,1,1,1
83,4,0.5,0.5,0.25,1,130,1,2,6,2,0,1,1,45,1,3,0,1,0,1,0
58,3,0.75,0.25,0.25,1,123,1,3,8,2,0,1,1,66,14,1,1,0,0,1,0
68,3,0.75,0.25,1.0,1,251,1,4,6,2,1,1,1,117,11,5,0,0,1,1,1
85,4,0.75,0.25,0.75,1,236,1,4,7,4,1,1,1,62,13,3,1,0,0,1,1
65,3,1.0,0.0,1.0,1,347,1,4,3,2,1,1,1,57,13,2,0,1,0,1,1
73,3,0.75,0.25,1.0,1,287,1,2,8,1,1,1,1,53,4,3,1,0,0,1,1
67,3,0.25,0.75,0.5,1,263,1,1,4,4,1,1,0,31,1,1,1,0,0,1,0
63,3,0.75,0.25,0.5,1,299,1,2,8,1,1,1,1,29,10,5,0,1,0,1,1
68,3,0.75,0.25,0.75,1,358,1,4,5,3,1,1,1,34,7,3,1,0,0,1,1
65,3,0.75,0.25,0.75,1,298,1,1,8,4,1,1,0,35,1,5,1,0,0,1,1
65,3,0.5,0.5,0.75,1,222,1,1,8,2,1,1,0,24,4,1,1,0,0,1,0
58,3,0.75,0.25,0.5,1,133,1,1,7,2,0,1,0,53,14,1,1,0,0,1,1
67,3,0.5,0.5,0.75,1,301,1,2,8,2,1,1,1,63,6,1,0,0,1,1,1
70,3,0.5,0.5,0.25,1,280,1,2,6,1,0,1,1,27,4,4,1,0,0,1,1
66,3,0.75,0.25,0.75,1,252,1,1,8,1,1,1,0,46,10,5,0,0,1,1,1
63,3,0.5,0.5,0.25,1,149,1,1,4,1,1,1,0,36,10,3,1,0,0,1,0
63,3,1.0,0.0,0.25,1,211,1,1,3,2,1,1,0,53,5,1,0,1,0,1,1
83,4,0.75,0.25,1.0,1,169,1,1,6,3,1,1,0,37,12,2,1,0,0,1,1
62,3,0.75,0.25,0.5,1,316,1,4,7,1,1,1,1,126,9,3,1,0,0,1,1
58,3,0.75,0.25,0.75,1,153,1,2,7,4,1,1,1,36,3,1,1,0,0,1,1
65,3,0.75,0.25,0.75,1,358,1,2,6,3,1,1,1,46,5,4,0,0,1,1,1
65,3,0.5,0.5,0.25,1,187,1,1,6,1,1,1,0,43,12,5,0,0,1,1,1
71,3,1.0,0.0,0.25,1,372,1,1,6,4,1,1,0,44,2,2,0,0,1,1,1
71,3,0.75,0.25,0.75,1,318,1,2,8,1,1,1,1,53,1,3,1,0,0,1,1
66,3,0.75,0.25,0.25,1,188,1,3,8,3,1,1,1,85,10,1,1,0,0,1,1
66,3,0.75,0.25,0.25,1,244,1,3,3,2,1,1,1,56,7,4,1,0,0,1,0
82,4,0.5,0.5,0.5,1,235,1,1,6,3,1,1,0,31,4,2,1,0,0,1,0
73,3,1.0,0.0,0.25,1,387,1,3,5,4,1,1,1,62,7,1,0,0,1,1,0
64,3,0.25,0.75,0.5,1,218,1,3,7,4,0,1,1,55,3,2,0,0,1,1,1
62,3,1.0,0.0,1.0,1,214,1,1,6,2,1,1,0,30,6,5,1,0,0,1,1
68,3,0.75,0.25,0.75,1,263,1,1,8,3,1,1,0,33,4,5,0,0,1,1,0
64,3,0.75,0.25,1.0,1,245,1,3,5,4,0,1,1,39,9,4,0,0,1,1,1
68,3,0.75,0.25,0.25,1,254,1,2,7,3,1,1,1,36,10,4,1,0,0,1,1
70,3,0.75,0.25,1.0,1,295,1,1,3,4,1,1,0,27,13,1,0,0,1,1,0
56,3,0.5,0.5,0.75,1,91,1,3,8,2,1,1,1,70,1,2,0,1,0,1,1
68,3,0.75,0.25,1.0,1,266,1,2,3,2,1,1,1,52,5,1,0,1,0,1,1
67,3,0.5,0.5,1.0,1,223,1,1,5,3,1,1,0,37,4,3,1,0,0,1,1
66,3,1.0,0.0,0.5,1,272,1,4,8,4,1,1,1,68,9,4,1,0,0,1,1
66,3,0.75,0.25,0.5,1,302,1,2,8,4,1,1,1,40,8,2,1,0,0,1,1
63,3,0.75,0.25,0.75,1,231,1,1,5,3,1,1,0,34,13,2,0,0,1,1,1
64,3,0.75,0.25,0.75,1,240,1,1,5,3,0,1,0,39,13,1,1,0,0,1,1
67,3,0.75,0.25,0.25,1,262,1,2,3,3,1,1,1,45,11,1,1,0,0,1,1
62,3,0.25,0.75,1.0,1,208,1,2,8,2,1,1,1,79,3,3,1,0,0,1,1
61,3,0.75,0.25,0.75,1,94,1,2,3,2,0,1,1,29,1,5,0,1,0,1,1
59,3,0.75,0.25,0.75,1,177,1,1,3,2,1,1,0,80,13,1,0,0,1,1,1
71,3,0.75,0.25,0.75,1,387,1,2,5,4,1,1,1,29,14,5,1,0,0,1,1
66,3,0.75,0.25,0.5,1,237,1,1,3,3,1,1,0,22,4,1,0,0,1,1,1
88,4,1.0,0.0,0.25,1,173,1,2,3,4,1,1,1,77,1,1,1,0,0,1,1
64,3,0.75,0.25,0.5,1,328,1,3,6,1,1,1,1,60,10,3,0,1,0,1,1
70,3,0.75,0.25,1.0,1,250,1,4,7,4,0,1,1,95,9,5,0,1,0,1,1
66,3,0.75,0.25,1.0,1,239,1,1,4,3,1,1,0,46,13,3,0,1,0,1,0
66,3,0.75,0.25,0.25,1,234,1,2,7,4,0,1,1,37,9,5,0,0,1,1,0
87,4,0.5,0.5,0.75,1,296,1,2,6,2,0,1,1,97,11,1,1,0,0,1,0
61,3,0.75,0.25,0.25,1,112,1,1,4,2,1,1,0,20,12,1,1,0,0,1,1
65,3,0.75,0.25,0.75,1,257,1,1,7,1,1,1,0,25,1,2,1,0,0,1,0
67,3,0.75,0.25,0.75,1,188,1,1,6,4,0,1,0,20,3,1,0,0,1,1,1
58,3,0.75,0.25,0.5,1,124,1,3,7,3,1,1,1,27,11,5,1,0,0,1,1
69,3,0.5,0.5,0.75,1,222,1,2,3,4,0,1,1,67,3,1,0,0,1,1,1
82,4,0.75,0.25,0.25,1,237,1,1,4,1,1,1,0,45,3,1,0,0,1,1,1
68,3,0.75,0.25,0.5,1,316,1,2,4,1,1,1,1,37,11,1,1,0,0,1,1
65,3,0.5,0.5,1.0,1,267,1,1,5,4,1,1,0,47,3,5,1,0,0,1,1
67,3,0.75,0.25,0.75,1,216,1,2,8,1,0,1,1,45,3,3,1,0,0,1,1
67,3,0.5,0.5,0.75,1,169,1,1,7,3,1,1,0,13,1,5,1,0,0,1,0
65,3,0.5,0.5,1.0,1,229,1,1,6,2,1,1,0,29,7,1,0,0,1,1,1
65,3,0.75,0.25,1.0,1,247,1,2,6,4,1,1,1,40,9,1,1,0,0,1,1
78,4,0.5,0.5,0.25,1,166,1,2,8,4,1,1,1,41,11,4,0,0,1,1,1
59,3,0.75,0.25,0.75,1,115,1,1,5,4,1,1,0,31,13,1,1,0,0,1,1
54,3,0.25,0.75,0.5,1,92,1,2,4,2,0,1,1,52,10,1,1,0,0,1,1
69,3,0.75,0.25,0.25,1,359,1,2,3,3,1,1,1,20,11,2,0,0,1,1,1
85,4,0.75,0.25,0.5,1,233,1,3,4,3,1,1,1,51,3,2,1,0,0,1,1
91,4,0.75,0.25,0.25,1,295,1,4,6,4,0,1,1,91,5,3,0,1,0,1,1
77,3,0.5,0.5,0.75,1,310,1,1,5,1,1,1,0,64,5,5,1,0,0,1,0
63,3,0.75,0.25,0.75,1,214,1,4,5,4,0,1,1,116,1,3,1,0,0,1,1
70,3,0.75,0.25,1.0,1,247,1,3,5,2,1,1,1,39,14,4,0,0,1,1,1
66,3,0.75,0.25,1.0,1,215,1,4,8,1,1,1,1,80,4,5,1,0,0,1,1
65,3,0.5,0.5,1.0,1,218,1,3,8,3,0,1,1,71,7,1,0,0,1,1,1
61,3,0.75,0.25,0.5,1,113,1,2,3,4,0,1,1,43,5,1,1,0,0,1,1
68,3,0.75,0.25,0.5,1,269,1,1,3,1,1,1,0,36,1,3,1,0,0,1,0
66,3,0.5,0.5,1.0,1,226,1,3,4,1,1,1,1,76,13,1,0,1,0,1,1
64,3,0.75,0.25,0.25,1,234,1,1,8,4,1,1,0,58,4,1,0,0,1,1,0
67,3,0.25,0.75,1.0,1,289,1,4,5,4,0,1,1,124,2,1,1,0,0,1,1
76,4,0.75,0.25,0.5,1,193,1,1,8,1,1,1,0,78,5,1,1,0,0,1,1
67,3,0.5,0.5,0.5,1,242,1,1,6,4,1,1,0,24,3,4,1,0,0,1,1
64,3,0.75,0.25,0.25,1,262,1,2,6,4,0,1,1,65,14,1,1,0,0,1,1
57,3,0.25,0.75,0.75,1,85,1,2,4,4,1,1,1,54,3,3,0,0,1,1,1
65,3,0.5,0.5,1.0,1,221,1,2,5,1,0,1,1,40,5,1,1,0,0,1,1
86,4,0.75,0.25,1.0,1,260,1,1,3,3,0,1,0,47,4,4,0,0,1,1,1
66,3,0.75,0.25,0.75,1,265,1,3,6,4,1,1,1,124,1,2,0,1,0,1,1
60,3,0.75,0.25,1.0,1,197,1,2,4,4,1,1,1,67,1,1,0,1,0,1,1
72,3,0.75,0.25,0.5,1,286,1,2,4,3,0,1,1,97,8,1,1,0,0,1,1
86,4,0.75,0.25,1.0,1,183,1,4,3,1,1,1,1,125,4,1,0,0,1,1,1
64,3,0.5,0.5,0.5,1,167,1,1,7,1,0,1,0,24,2,1,1,0,0,1,1
65,3,0.75,0.25,0.75,1,153,1,2,8,2,1,1,1,28,5,3,1,0,0,1,1
72,3,0.75,0.25,0.25,1,307,1,3,5,1,1,1,1,72,4,1,1,0,0,1,1
90,4,0.5,0.5,0.25,1,314,1,1,6,1,0,1,0,43,6,1,1,0,0,1,1
64,3,0.5,0.5,0.25,1,170,1,2,8,1,1,1,1,56,14,3,1,0,0,1,1
89,4,0.75,0.25,1.0,1,322,1,1,6,4,1,1,0,30,5,3,0,0,1,1,1
70,3,0.75,0.25,0.75,1,303,1,2,6,3,0,1,1,56,10,5,1,0,0,1,1
62,3,1.0,0.0,0.25,1,259,1,1,5,3,1,1,0,28,11,5,1,0,0,1,1
70,3,0.75,0.25,1.0,1,306,1,2,6,4,1,1,1,34,1,2,1,0,0,1,1
61,3,0.5,0.5,1.0,1,208,1,2,6,2,1,1,1,65,8,1,1,0,0,1,0
66,3,0.75,0.25,0.75,1,286,1,2,7,2,1,1,1,53,7,3,1,0,0,1,1
69,3,0.5,0.5,0.5,1,239,1,1,6,1,1,1,0,32,8,1,0,0,1,1,1
71,3,0.75,0.25,0.5,1,321,1,3,6,2,0,1,1,40,3,3,1,0,0,1,1
70,3,0.75,0.25,1.0,1,225,1,1,3,1,1,1,0,32,7,1,0,0,1,1,0
70,3,0.5,0.5,0.5,1,355,1,3,8,3,1,1,1,124,2,1,0,1,0,1,0
62,3,0.75,0.25,0.25,1,239,1,2,8,4,1,1,1,49,14,4,0,0,1,1,0
68,3,0.75,0.25,0.5,1,305,1,2,4,3,1,1,1,60,9,4,0,1,0,1,1
69,3,0.75,0.25,1.0,1,307,1,1,4,2,0,1,0,56,1,5,0,0,1,1,1
68,3,0.75,0.25,0.75,1,315,1,1,8,3,1,1,0,20,8,1,1,0,0,1,1
93,4,0.5,0.5,0.75,1,341,1,4,4,4,0,1,1,116,13,1,0,1,0,1,1
67,3,0.75,0.25,0.5,1,321,1,2,7,2,1,1,1,29,11,5,1,0,0,1,1
85,4,0.75,0.25,0.25,1,245,1,1,7,2,1,1,0,13,4,1,1,0,0,1,1
62,3,0.75,0.25,1.0,1,249,1,2,8,3,0,1,1,64,13,1,1,0,0,1,1
67,3,0.75,0.25,0.5,1,228,1,2,3,1,0,1,1,32,3,2,1,0,0,1,1
68,3,0.75,0.25,0.25,1,332,1,2,5,4,1,1,1,29,4,5,0,0,1,1,1
57,3,0.75,0.25,1.0,1,127,1,1,6,2,1,1,0,72,3,1,0,0,1,1,1
68,3,0.75,0.25,0.75,1,311,1,2,8,2,1,1,1,42,13,3,1,0,0,1,1
65,3,1.0,0.0,0.25,1,236,1,3,4,3,1,1,1,58,11,2,0,0,1,1,1
58,3,0.75,0.25,1.0,1,108,1,2,4,1,1,1,1,54,8,1,1,0,0,1,1
71,3,0.75,0.25,0.75,1,259,1,4,4,1,1,1,1,21,10,4,0,1,0,1,1
65,3,1.0,0.0,1.0,1,264,1,1,7,1,1,1,0,28,4,2,1,0,0,1,1
68,3,1.0,0.0,1.0,1,291,1,2,8,2,1,1,1,24,1,3,0,1,0,1,1
75,4,0.5,0.5,1.0,1,176,1,4,3,3,1,1,1,20,12,5,1,0,0,1,1
63,3,1.0,0.0,1.0,1,252,1,2,4,1,0,1,1,66,14,1,1,0,0,1,1
67,3,0.5,0.5,0.5,1,301,1,2,4,2,1,1,1,60,1,1,1,0,0,1,1
60,3,0.75,0.25,0.75,1,179,1,2,8,4,0,1,1,40,1,1,1,0,0,1,1
69,3,1.0,0.0,0.75,1,263,1,1,5,4,0,1,0,47,8,5,0,0,1,1,1
62,3,0.5,0.5,1.0,1,178,1,1,4,1,1,1,0,19,1,1,1,0,0,1,1
72,3,1.0,0.0,0.5,1,307,1,4,4,3,1,1,1,121,11,1,0,0,1,1,1
65,3,0.75,0.25,0.75,1,225,1,1,6,1,0,1,0,27,14,1,1,0,0,1,0
62,3,0.5,0.5,0.5,1,157,1,1,5,3,0,1,0,42,4,1,1,0,0,1,1
71,3,0.75,0.25,0.75,1,372,1,4,3,4,0,1,1,120,5,2,1,0,0,1,1
68,3,1.0,0.0,1.0,1,300,1,1,7,4,1,1,0,27,13,3,0,0,1,1,1
70,3,0.75,0.25,1.0,1,215,1,4,5,1,1,1,1,117,5,1,0,1,0,1,1
58,3,0.5,0.5,0.5,1,232,1,1,4,2,1,1,0,48,4,1,1,0,0,1,1
65,3,0.25,0.75,0.25,1,311,1,2,7,4,1,1,1,68,2,1,0,0,1,1,1
64,3,0.5,0.5,0.25,1,214,1,2,7,4,0,1,1,70,12,1,0,0,1,1,1
68,3,0.75,0.25,1.0,1,272,1,2,3,2,1,1,1,52,13,5,1,0,0,1,1
70,3,0.75,0.25,0.5,1,290,1,2,3,1,0,1,1,39,2,5,0,1,0,1,1
70,3,1.0,0.0,0.25,1,320,1,2,3,2,1,1,1,60,12,1,0,1,0,1,1
67,3,0.75,0.25,1.0,1,314,1,1,7,3,0,1,0,68,3,1,1,0,0,1,1
74,3,0.75,0.25,1.0,1,348,1,2,6,2,1,1,1,58,2,2,0,0,1,1,1
68,3,0.5,0.5,0.25,1,245,1,1,7,4,0,1,0,51,6,1,1,0,0,1,1
72,3,1.0,0.0,1.0,1,370,1,2,6,4,0,1,1,104,7,1,0,1,0,1,1
87,4,0.25,0.75,0.5,1,190,1,2,5,4,0,1,1,44,12,1,0,1,0,1,1
60,3,0.75,0.25,0.75,1,143,1,1,6,1,1,1,0,23,10,1,1,0,0,1,1
61,3,0.75,0.25,0.75,1,183,1,1,7,4,1,1,0,22,3,1,1,0,0,1,0
70,3,0.75,0.25,0.75,1,292,1,4,5,4,0,1,1,46,9,3,0,1,0,1,1
63,3,0.5,0.5,1.0,1,158,1,2,8,2,1,1,1,69,13,1,0,1,0,1,1
65,3,0.5,0.5,1.0,1,240,1,3,8,3,0,1,1,110,10,1,1,0,0,1,1
73,3,0.75,0.25,1.0,1,322,1,2,7,4,1,1,1,86,4,1,0,1,0,1,1
58,3,0.75,0.25,0.25,1,228,1,2,8,4,0,1,1,43,2,3,1,0,0,1,1
61,3,0.75,0.25,1.0,1,239,1,2,5,3,1,1,1,65,7,1,0,1,0,1,1
59,3,0.5,0.5,0.25,1,161,1,2,3,1,1,1,1,71,7,1,1,0,0,1,1
61,3,0.5,0.5,1.0,1,145,1,3,5,3,1,1,1,47,5,3,0,0,1,1,1
64,3,0.5,0.5,0.75,1,219,1,3,7,3,1,1,1,79,2,5,0,0,1,1,0
61,3,0.75,0.25,0.25,1,240,1,1,7,1,1,1,0,56,2,1,0,0,1,1,1
62,3,0.75,0.25,1.0,1,257,1,3,5,4,0,1,1,29,8,5,1,0,0,1,1
69,3,0.75,0.25,0.75,1,378,1,2,4,1,1,1,1,73,14,4,0,1,0,1,1
97,4,0.5,0.5,0.5,1,335,1,4,5,4,1,1,1,24,9,2,1,0,0,1,1
68,3,0.25,0.75,1.0,1,137,1,2,7,3,0,1,1,31,7,5,0,0,1,1,0
58,3,0.75,0.25,0.75,1,130,1,1,3,2,1,1,0,52,14,1,0,1,0,1,1
64,3,1.0,0.0,0.25,1,251,1,1,4,1,1,1,0,38,10,5,1,0,0,1,1
62,3,0.75,0.25,0.75,1,249,1,1,4,1,1,1,0,34,11,2,1,0,0,1,1
60,3,0.75,0.25,0.5,1,239,1,1,7,3,1,1,0,40,9,3,1,0,0,1,0
65,3,0.5,0.5,0.75,1,205,1,2,5,2,1,1,1,53,11,5,0,0,1,1,1
65,3,0.75,0.25,0.75,1,286,1,3,3,4,1,1,1,44,8,4,1,0,0,1,1
59,3,1.0,0.0,0.75,1,162,1,2,4,1,1,1,1,60,9,1,1,0,0,1,1
79,4,0.75,0.25,0.75,1,238,1,2,3,4,0,1,1,47,9,4,0,0,1,1,1
66,3,0.75,0.25,0.5,1,325,1,4,5,4,0,1,1,35,11,3,0,1,0,1,1
72,3,0.5,0.5,0.75,1,332,1,3,8,1,0,1,1,94,13,5,0,1,0,1,1
66,3,0.75,0.25,0.25,1,244,1,1,6,3,1,1,0,29,5,1,1,0,0,1,1
67,3,0.75,0.25,0.75,1,276,1,2,8,4,1,1,1,78,10,1,1,0,0,1,1
61,3,0.75,0.25,0.75,1,224,1,1,7,2,1,1,0,37,1,2,1,0,0,1,1
62,3,0.5,0.5,0.5,1,72,1,4,8,1,1,1,1,94,8,2,0,1,0,1,1
66,3,0.5,0.5,0.75,1,299,1,2,4,4,1,1,1,36,13,1,0,0,1,1,1
83,4,1.0,0.0,0.25,1,188,1,2,8,2,1,1,1,46,10,5,1,0,0,1,1
90,4,0.75,0.25,0.75,1,360,1,4,4,1,0,1,1,72,4,3,1,0,0,1,1
77,4,0.5,0.5,0.25,1,151,1,4,5,4,0,1,1,87,9,1,1,0,0,1,1
86,4,0.75,0.25,0.25,1,304,1,2,7,3,0,1,1,68,6,3,0,0,1,1,0
66,3,0.75,0.25,1.0,1,226,1,2,4,1,1,1,1,93,7,5,1,0,0,1,1
67,3,0.5,0.5,0.5,1,217,1,2,4,2,1,1,1,82,4,1,0,0,1,1,1
68,3,0.75,0.25,0.75,1,307,1,2,3,1,1,1,1,52,9,1,0,1,0,1,1
70,3,0.75,0.25,0.75,1,225,1,2,3,4,1,1,1,58,3,1,1,0,0,1,1
71,3,0.75,0.25,0.25,1,289,1,2,6,1,1,1,1,66,7,1,0,0,1,1,1
64,3,0.75,0.25,0.5,1,235,1,1,8,4,0,1,0,33,14,4,1,0,0,1,1
86,4,0.5,0.5,0.5,1,199,1,1,4,3,1,1,0,47,11,1,1,0,0,1,1
74,3,1.0,0.0,0.75,1,314,1,4,5,3,1,1,1,29,6,5,0,0,1,1,1
71,3,0.75,0.25,0.25,1,242,1,4,8,4,1,1,1,59,14,4,0,1,0,1,1
59,3,0.75,0.25,1.0,1,174,1,3,7,4,0,1,1,31,1,3,1,0,0,1,1
56,3,0.75,0.25,0.25,1,116,1,1,3,1,1,1,0,34,14,1,0,0,1,1,1
88,4,0.75,0.25,0.75,1,240,1,2,6,1,0,1,1,48,5,1,0,0,1,1,1
65,3,0.75,0.25,0.5,1,290,1,2,3,1,0,1,1,27,12,5,0,0,1,1,1
61,3,0.75,0.25,0.25,1,250,1,1,4,3,1,1,0,33,14,4,0,0,1,1,1
58,3,0.5,0.5,0.25,1,122,1,1,4,3,1,1,0,51,9,1,0,1,0,1,0
64,3,0.75,0.25,1.0,1,173,1,1,6,1,1,1,0,20,9,5,0,0,1,1,1
68,3,1.0,0.0,0.75,1,327,1,3,4,1,0,1,1,42,11,3,1,0,0,1,1
60,3,0.75,0.25,0.75,1,176,1,1,4,3,1,1,0,63,4,2,1,0,0,1,0
66,3,0.75,0.25,0.25,1,305,1,1,4,3,1,1,0,21,3,1,1,0,0,1,0
82,4,0.75,0.25,0.75,1,263,1,1,5,2,1,1,0,60,5,1,0,0,1,1,1
63,3,0.5,0.5,1.0,1,228,1,1,6,4,0,1,0,42,7,5,1,0,0,1,1
69,3,0.5,0.5,0.75,1,133,1,2,5,4,1,1,1,97,11,1,0,0,1,1,1
88,4,0.25,0.75,0.75,1,267,1,3,4,4,1,1,1,33,4,3,0,1,0,1,1
68,3,1.0,0.0,1.0,1,278,1,1,6,2,0,1,0,85,8,1,0,1,0,1,1
67,3,0.25,0.75,0.75,1,257,1,2,6,4,1,1,1,47,1,1,1,0,0,1,1
65,3,0.5,0.5,0.5,1,235,1,1,3,3,0,1,0,71,1,1,0,1,0,1,1
82,4,0.75,0.25,0.5,1,230,1,1,8,3,1,1,0,32,14,1,1,0,0,1,0
57,3,1.0,0.0,0.5,1,238,1,3,8,2,1,1,1,64,12,1,1,0,0,1,1
64,3,0.5,0.5,0.75,1,282,1,1,6,4,1,1,0,44,13,1,1,0,0,1,1
60,3,0.75,0.25,0.25,1,214,1,2,6,3,1,1,1,65,5,1,0,1,0,1,1
59,3,1.0,0.0,1.0,1,256,1,1,7,1,1,1,0,45,8,1,0,1,0,1,1
62,3,0.75,0.25,0.5,1,259,1,3,5,4,1,1,1,71,10,1,1,0,0,1,1
72,3,0.75,0.25,0.75,1,271,1,1,5,1,1,1,0,50,4,5,1,0,0,1,1
68,3,0.75,0.25,0.75,1,281,1,2,5,3,1,1,1,87,11,3,1,0,0,1,1
82,4,0.5,0.5,1.0,1,85,1,3,3,3,1,1,1,122,10,3,1,0,0,1,1
60,3,0.25,0.75,0.75,1,79,1,1,8,3,0,1,0,27,6,1,1,0,0,1,0
68,3,0.25,0.75,0.75,1,195,1,4,4,1,1,1,1,119,7,5,1,0,0,1,0
66,3,0.25,0.75,0.75,1,281,1,1,4,2,0,1,0,31,5,1,0,1,0,1,1
64,3,0.5,0.5,0.75,1,174,1,4,8,4,0,1,1,121,12,1,1,0,0,1,1
67,3,0.75,0.25,0.25,1,247,1,1,6,1,1,1,0,43,14,5,1,0,0,1,1
67,3,0.75,0.25,1.0,1,302,1,1,6,3,1,1,0,53,14,1,1,0,0,1,1
67,3,0.25,0.75,0.5,1,206,1,2,4,4,1,1,1,42,11,5,1,0,0,1,1
64,3,0.75,0.25,0.5,1,167,1,2,4,4,1,1,1,28,5,2,1,0,0,1,1
58,3,0.75,0.25,0.5,1,133,1,1,7,3,0,1,0,52,11,1,0,0,1,1,1
65,3,0.75,0.25,1.0,1,283,1,2,5,2,0,1,1,70,4,5,1,0,0,1,1
65,3,0.75,0.25,0.5,1,313,1,2,3,3,0,1,1,49,13,2,1,0,0,1,1
60,3,0.75,0.25,0.5,1,138,1,1,8,2,0,1,0,69,4,1,0,0,1,1,1
69,3,0.75,0.25,1.0,1,303,1,2,5,3,1,1,1,26,6,5,1,0,0,1,1
63,3,0.75,0.25,0.5,1,237,1,3,7,3,1,1,1,71,2,4,1,0,0,1,1
71,3,0.5,0.5,0.5,1,346,1,2,5,3,0,1,1,32,2,5,0,0,1,1,0
64,3,0.25,0.75,0.5,1,97,1,2,6,1,1,1,1,25,6,5,0,1,0,1,0
61,3,0.75,0.25,0.75,1,125,1,1,7,4,1,1,0,32,8,1,0,0,1,1,1
83,4,0.75,0.25,1.0,1,118,1,2,8,3,0,1,1,42,1,2,1,0,0,1,1
69,3,0.75,0.25,1.0,1,239,1,2,4,4,1,1,1,72,12,1,1,0,0,1,1
62,3,0.25,0.75,0.75,1,211,1,3,7,3,0,1,1,44,2,3,1,0,0,1,1
73,3,0.75,0.25,0.5,1,299,1,4,8,4,1,1,1,118,14,1,0,1,0,1,1
82,4,0.25,0.75,0.75,1,183,1,3,6,4,1,1,1,44,4,4,0,0,1,1,1
71,3,0.5,0.5,1.0,1,278,1,1,3,4,1,1,0,64,6,1,0,1,0,1,1
65,3,0.75,0.25,1.0,1,241,1,1,4,3,1,1,0,30,3,1,1,0,0,1,1
64,3,0.5,0.5,0.75,1,222,1,1,4,3,1,1,0,42,12,5,1,0,0,1,0
60,3,0.75,0.25,0.75,1,242,1,2,3,1,1,1,1,58,11,1,0,0,1,1,1
65,3,0.75,0.25,0.75,1,256,1,1,7,2,1,1,0,51,2,1,0,1,0,1,1
61,3,0.25,0.75,0.75,1,184,1,1,8,2,1,1,0,33,2,1,0,0,1,1,0
68,3,1.0,0.0,1.0,1,263,1,2,6,4,1,1,1,27,9,5,1,0,0,1,1
67,3,0.5,0.5,0.25,1,179,1,3,6,3,0,1,1,53,13,2,0,0,1,1,1
66,3,1.0,0.0,0.25,1,294,1,1,7,2,1,1,0,51,2,1,0,1,0,1,1
66,3,0.75,0.25,1.0,1,243,1,2,5,1,1,1,1,77,4,5,0,1,0,1,1
66,3,0.75,0.25,0.75,1,291,1,2,5,3,0,1,1,23,8,3,1,0,0,1,1
82,4,0.75,0.25,0.75,1,234,1,3,6,2,0,1,1,23,2,2,0,1,0,1,0
65,3,0.5,0.5,0.5,1,146,1,1,4,1,1,1,0,60,5,4,1,0,0,1,1
68,3,0.75,0.25,0.25,1,297,1,3,3,2,0,1,1,15,1,2,0,1,0,1,0
70,3,0.5,0.5,0.75,1,248,1,1,6,4,1,1,0,33,7,1,0,0,1,1,1
64,3,1.0,0.0,0.75,1,241,1,2,7,1,0,1,1,41,11,3,0,0,1,1,1
71,3,0.75,0.25,0.5,1,282,1,1,3,2,1,1,0,60,6,2,0,0,1,1,1
66,3,0.25,0.75,0.75,1,180,1,2,4,3,0,1,1,25,4,3,0,0,1,1,1
68,3,0.5,0.5,1.0,1,246,1,1,4,1,0,1,0,13,6,5,0,0,1,1,0
83,4,0.75,0.25,0.5,1,233,1,1,7,1,0,1,0,47,8,5,1,0,0,1,1
65,3,0.5,0.5,0.5,1,220,1,4,6,4,1,1,1,31,3,5,1,0,0,1,1
65,3,0.75,0.25,1.0,1,234,1,2,6,3,1,1,1,67,2,5,0,0,1,1,1
84,4,0.75,0.25,0.5,1,286,1,1,6,1,1,1,0,48,3,1,0,0,1,1,1
67,3,0.75,0.25,0.75,1,236,1,2,4,1,1,1,1,93,14,1,0,0,1,1,1
89,4,0.5,0.5,1.0,1,317,1,4,7,2,1,1,1,26,11,4,0,0,1,1,1
67,3,0.75,0.25,0.5,1,261,1,1,3,3,1,1,0,68,2,1,1,0,0,1,1
67,3,0.25,0.75,0.25,1,127,1,2,3,3,1,1,1,39,5,5,0,0,1,1,1
64,3,0.75,0.25,0.5,1,130,1,1,7,1,1,1,0,31,6,1,0,0,1,1,0
61,3,0.5,0.5,0.5,1,148,1,1,6,3,1,1,0,35,3,1,1,0,0,1,1
60,3,0.75,0.25,0.75,1,93,1,1,4,4,1,1,0,17,12,1,0,0,1,1,0
66,3,0.5,0.5,0.25,1,295,1,2,5,1,0,1,1,76,14,1,1,0,0,1,1
65,3,0.75,0.25,1.0,1,257,1,3,3,1,1,1,1,22,4,2,0,0,1,1,1
60,3,0.5,0.5,0.25,1,176,1,2,7,4,1,1,1,45,1,1,0,1,0,1,1
73,3,0.75,0.25,0.75,1,293,1,4,7,3,1,1,1,32,4,5,0,0,1,1,1
66,3,0.75,0.25,1.0,1,237,1,3,4,4,1,1,1,73,9,5,0,1,0,1,1
62,3,0.75,0.25,0.75,1,191,1,1,5,2,1,1,0,49,12,1,1,0,0,1,0
66,3,0.75,0.25,0.75,1,186,1,2,4,2,1,1,1,73,5,2,0,1,0,1,1
59,3,0.75,0.25,1.0,1,234,1,2,5,1,0,1,1,67,4,1,1,0,0,1,0
62,3,1.0,0.0,0.5,1,296,1,1,4,1,1,1,0,69,4,5,1,0,0,1,1
68,3,0.75,0.25,0.75,1,242,1,1,4,2,1,1,0,35,1,1,0,0,1,1,1
78,4,0.75,0.25,0.75,1,136,1,3,5,1,1,1,1,38,1,5,1,0,0,1,1
63,3,0.5,0.5,0.75,1,142,1,2,8,4,0,1,1,30,6,5,0,0,1,1,1
58,3,0.75,0.25,1.0,1,190,1,1,7,3,1,1,0,41,9,4,1,0,0,1,1
65,3,1.0,0.0,0.75,1,265,1,2,4,4,0,1,1,22,1,5,0,1,0,1,1
68,3,0.75,0.25,0.75,1,191,1,2,8,3,1,1,1,56,3,2,0,0,1,1,1
68,3,0.75,0.25,1.0,1,253,1,1,4,2,1,1,0,74,13,5,0,0,1,1,1
69,3,0.75,0.25,0.75,1,290,1,2,8,3,1,1,1,56,14,4,1,0,0,1,0
67,3,0.75,0.25,0.5,1,276,1,2,4,1,1,1,1,75,9,1,0,0,1,1,0
64,3,0.75,0.25,1.0,1,232,1,2,6,4,0,1,1,30,8,2,0,0,1,1,1
59,3,0.75,0.25,0.75,1,253,1,1,4,3,1,1,0,37,9,4,1,0,0,1,1
66,3,1.0,0.0,0.25,1,252,1,2,7,1,1,1,1,34,6,3,0,0,1,1,1
62,3,0.75,0.25,1.0,1,110,1,3,4,3,1,1,1,117,3,1,0,0,1,1,1
61,3,0.75,0.25,0.5,1,213,1,3,8,3,1,1,1,58,6,5,1,0,0,1,1
60,3,0.75,0.25,0.75,1,206,1,1,3,1,0,1,0,42,10,1,1,0,0,1,0
78,4,0.75,0.25,1.0,1,192,1,2,6,1,0,1,1,67,10,4,0,1,0,1,0
62,3,0.75,0.25,1.0,1,252,1,2,3,4,1,1,1,45,10,4,1,0,0,1,1
81,4,1.0,0.0,0.75,1,215,1,2,8,2,1,1,1,68,9,1,0,0,1,1,1
78,4,0.75,0.25,1.0,1,249,1,4,5,3,1,1,1,98,1,4,0,0,1,1,1
70,3,0.25,0.75,0.5,1,256,1,1,7,1,0,1,0,42,9,1,1,0,0,1,1
68,3,0.5,0.5,0.75,1,218,1,3,8,3,1,1,1,112,13,5,1,0,0,1,1
64,3,0.75,0.25,0.5,1,234,1,2,6,1,0,1,1,57,10,2,0,1,0,1,1
61,3,0.75,0.25,0.5,1,340,1,2,3,2,1,1,1,56,9,4,1,0,0,1,1
65,3,0.75,0.25,1.0,1,308,1,3,4,3,1,1,1,39,4,2,0,0,1,1,1
88,4,0.75,0.25,0.75,1,233,1,1,4,2,1,1,0,32,12,1,1,0,0,1,1
79,4,0.25,0.75,0.25,1,267,1,2,8,3,1,1,1,49,7,2,1,0,0,1,1
64,3,0.75,0.25,0.25,1,225,1,2,8,1,1,1,1,43,4,1,1,0,0,1,1
65,3,0.75,0.25,0.5,1,323,1,4,5,2,0,1,1,26,7,2,1,0,0,1,1
68,3,0.75,0.25,0.75,1,230,1,1,8,4,0,1,0,15,2,1,0,0,1,1,1
69,3,1.0,0.0,0.75,1,388,1,1,4,2,0,1,0,16,13,1,0,0,1,1,0
66,3,0.5,0.5,1.0,1,236,1,1,7,1,0,1,0,38,10,4,1,0,0,1,0
89,4,0.75,0.25,0.5,1,306,1,2,5,4,1,1,1,67,5,4,1,0,0,1,1
93,4,0.75,0.25,1.0,1,301,1,2,4,4,1,1,1,28,12,4,1,0,0,1,1
86,4,0.75,0.25,0.75,1,300,1,2,4,3,1,1,1,51,1,1,1,0,0,1,1
63,3,0.75,0.25,0.75,1,179,1,1,5,4,1,1,0,54,6,1,1,0,0,1,1
55,3,0.75,0.25,0.5,1,111,1,1,5,4,0,1,0,73,10,1,0,1,0,1,1
72,3,0.75,0.25,0.75,1,293,1,2,4,3,1,1,1,19,1,5,0,0,1,1,1
85,4,0.75,0.25,0.5,1,322,1,1,5,3,1,1,0,57,10,3,1,0,0,1,1
67,3,0.75,0.25,0.75,1,298,1,1,3,1,1,1,0,33,12,4,1,0,0,1,1
62,3,0.75,0.25,0.75,1,168,1,3,8,3,1,1,1,76,9,3,0,1,0,1,1
58,3,0.75,0.25,0.5,1,172,1,1,5,2,1,1,0,36,3,1,0,0,1,1,1
60,3,0.25,0.75,1.0,1,97,1,2,3,4,0,1,1,53,11,5,0,1,0,1,1
68,3,0.75,0.25,1.0,1,250,1,1,6,2,1,1,0,17,5,4,1,0,0,1,1
69,3,0.5,0.5,0.75,1,288,1,2,8,4,1,1,1,21,11,5,0,0,1,1,0
60,3,1.0,0.0,1.0,1,256,1,4,5,3,1,1,1,114,9,2,1,0,0,1,1
78,4,0.5,0.5,1.0,1,109,1,2,8,3,0,1,1,71,2,1,0,0,1,1,1
61,3,0.5,0.5,1.0,1,90,1,1,6,4,1,1,0,28,2,1,1,0,0,1,1
60,3,0.5,0.5,1.0,1,216,1,4,7,2,1,1,1,100,1,5,0,0,1,1,1
62,3,0.5,0.5,1.0,1,235,1,4,4,2,1,1,1,115,2,4,0,0,1,1,1
84,4,0.5,0.5,0.5,1,173,1,1,3,2,0,1,0,26,5,1,1,0,0,1,0
85,4,0.75,0.25,0.75,1,225,1,3,5,4,1,1,1,65,1,5,1,0,0,1,0
66,3,0.5,0.5,1.0,1,207,1,1,8,4,0,1,0,57,14,1,1,0,0,1,1
74,3,0.75,0.25,0.5,1,302,1,2,7,1,0,1,1,31,13,5,0,0,1,1,1
88,4,0.5,0.5,0.5,1,306,1,1,7,2,1,1,0,41,3,5,0,0,1,1,1
67,3,0.75,0.25,1.0,1,211,1,1,8,2,1,1,0,29,5,1,0,0,1,1,1
73,3,0.75,0.25,0.75,1,244,1,1,5,3,1,1,0,9,11,1,0,0,1,1,0
77,4,0.75,0.25,0.25,1,99,1,1,4,1,1,1,0,27,10,1,1,0,0,1,0
66,3,0.5,0.5,0.25,1,270,1,2,8,3,1,1,1,83,9,1,1,0,0,1,1
67,3,0.75,0.25,0.25,1,235,1,2,6,3,0,1,1,62,14,1,1,0,0,1,1
67,3,0.75,0.25,1.0,1,234,1,3,4,1,1,1,1,44,9,2,0,0,1,1,1
64,3,0.75,0.25,0.5,1,232,1,1,4,1,1,1,0,35,10,3,0,0,1,1,1
84,4,0.75,0.25,0.75,1,300,1,2,8,3,1,1,1,43,8,5,1,0,0,1,1
69,3,0.5,0.5,1.0,1,152,1,2,3,2,0,1,1,40,8,1,1,0,0,1,1
63,3,0.5,0.5,1.0,1,138,1,2,3,4,0,1,1,67,5,1,1,0,0,1,1
76,4,0.5,0.5,1.0,1,112,1,2,7,4,1,1,1,71,8,1,0,0,1,1,1
71,3,0.75,0.25,0.25,1,311,1,4,3,4,1,1,1,119,13,2,0,0,1,1,1
62,3,0.5,0.5,0.75,1,173,1,1,4,3,1,1,0,25,6,1,0,1,0,1,1
61,3,1.0,0.0,0.5,1,177,1,2,8,4,1,1,1,76,2,1,0,1,0,1,1
67,3,0.75,0.25,0.5,1,244,1,4,5,1,0,1,1,121,9,3,1,0,0,1,1
64,3,1.0,0.0,1.0,1,330,1,2,7,2,1,1,1,31,11,2,0,1,0,1,1
88,4,0.25,0.75,0.5,1,245,1,1,5,1,0,1,0,36,14,1,0,0,1,1,0
68,3,0.75,0.25,1.0,1,180,1,1,3,3,0,1,0,37,8,1,1,0,0,1,0
64,3,0.5,0.5,0.75,1,158,1,2,4,3,0,1,1,46,12,2,1,0,0,1,1
83,4,0.75,0.25,0.75,1,268,1,2,7,2,1,1,1,38,4,5,1,0,0,1,1
64,3,0.75,0.25,0.5,1,269,1,3,3,2,1,1,1,74,6,5,1,0,0,1,1
61,3,0.75,0.25,1.0,1,155,1,2,6,3,1,1,1,45,6,2,0,0,1,1,1
58,3,0.5,0.5,0.75,1,137,1,2,5,1,1,1,1,47,5,3,1,0,0,1,1
64,3,1.0,0.0,0.5,1,246,1,1,5,3,1,1,0,30,11,5,0,1,0,1,1
68,3,1.0,0.0,0.25,1,275,1,1,8,3,1,1,0,53,13,1,1,0,0,1,1
63,3,0.75,0.25,0.75,1,315,1,2,6,1,1,1,1,31,5,4,0,0,1,1,1
71,3,0.75,0.25,0.5,1,285,1,2,6,1,1,1,1,72,2,1,0,0,1,1,1
61,3,0.5,0.5,0.75,1,167,1,2,5,2,1,1,1,58,12,1,1,0,0,1,1
66,3,1.0,0.0,1.0,1,258,1,1,5,3,0,1,0,16,12,1,1,0,0,1,0
65,3,0.25,0.75,0.75,1,268,1,2,7,2,0,1,1,41,14,5,0,1,0,1,1
72,3,0.75,0.25,0.75,1,303,1,1,3,2,1,1,0,49,4,1,1,0,0,1,1
72,3,0.5,0.5,0.5,1,298,1,2,4,3,0,1,1,101,11,1,0,1,0,1,1
65,3,0.75,0.25,1.0,1,181,1,2,6,1,0,1,1,33,11,3,0,0,1,1,0
64,3,0.75,0.25,0.75,1,297,1,2,6,3,0,1,1,63,12,5,0,0,1,1,1
74,3,0.5,0.5,0.75,1,356,1,2,3,1,0,1,1,23,12,4,0,1,0,1,1
82,4,0.75,0.25,1.0,1,189,1,2,7,1,1,1,1,74,14,1,1,0,0,1,1
60,3,0.5,0.5,0.75,1,231,1,2,6,1,1,1,1,111,7,1,0,1,0,1,1
65,3,0.75,0.25,0.75,1,230,1,4,4,2,0,1,1,17,2,4,1,0,0,1,1
63,3,1.0,0.0,0.25,1,184,1,1,7,1,1,1,0,36,3,3,0,1,0,1,0
64,3,0.75,0.25,1.0,1,171,1,1,8,4,1,1,0,44,13,2,1,0,0,1,1
60,3,0.75,0.25,1.0,1,111,1,4,5,2,1,1,1,47,12,3,0,0,1,1,1
69,3,0.75,0.25,0.75,1,312,1,2,4,4,0,1,1,22,1,3,0,1,0,1,1
70,3,0.5,0.5,0.25,1,235,1,1,4,4,0,1,0,31,6,1,0,0,1,1,0
72,3,0.75,0.25,1.0,1,298,1,2,6,4,0,1,1,51,4,1,0,1,0,1,1
57,3,0.75,0.25,0.75,1,261,1,1,3,4,0,1,0,41,5,1,1,0,0,1,1
61,3,0.75,0.25,1.0,1,201,1,1,5,1,1,1,0,41,9,1,1,0,0,1,1
87,4,1.0,0.0,0.5,1,324,1,1,3,2,1,1,0,41,8,1,0,0,1,1,1
79,4,0.75,0.25,0.25,1,228,1,3,3,3,1,1,1,89,7,1,0,1,0,1,1
69,3,0.75,0.25,0.75,1,324,1,3,5,3,0,1,1,62,7,1,0,1,0,1,1
69,3,0.75,0.25,1.0,1,239,1,1,7,1,1,1,0,38,9,1,0,0,1,1,1
62,3,0.75,0.25,0.25,1,242,1,2,8,3,1,1,1,57,10,1,0,0,1,1,1
69,3,0.75,0.25,0.5,1,295,1,2,3,4,0,1,1,48,1,5,1,0,0,1,1
81,4,0.25,0.75,0.5,1,187,1,2,4,4,1,1,1,67,2,1,0,1,0,1,1
63,3,0.5,0.5,0.25,1,198,1,1,5,2,0,1,0,50,5,5,1,0,0,1,0
70,3,0.5,0.5,0.25,1,229,1,1,6,1,1,1,0,23,7,4,0,0,1,1,1
67,3,0.75,0.25,1.0,1,288,1,2,8,2,1,1,1,71,14,1,1,0,0,1,1
67,3,0.75,0.25,0.25,1,286,1,2,7,2,1,1,1,53,13,1,1,0,0,1,1
81,4,0.5,0.5,0.5,1,264,1,2,6,2,1,1,1,33,10,5,1,0,0,1,1
74,3,0.75,0.25,0.75,1,281,1,2,3,2,0,1,1,69,1,1,1,0,0,1,0
70,3,0.75,0.25,0.5,1,308,1,3,3,2,0,1,1,31,2,5,0,0,1,1,0
62,3,0.75,0.25,0.75,1,203,1,2,3,1,1,1,1,46,7,3,0,0,1,1,1
83,4,0.75,0.25,0.75,1,181,1,2,6,2,1,1,1,68,9,1,0,1,0,1,1
61,3,0.75,0.25,0.5,1,249,1,3,4,2,0,1,1,70,10,1,0,0,1,1,1
72,3,0.75,0.25,0.5,1,272,1,1,4,1,1,1,0,56,2,1,1,0,0,1,1
67,3,1.0,0.0,0.25,1,310,1,4,7,4,0,1,1,83,13,4,1,0,0,1,1
59,3,0.25,0.75,0.75,1,64,1,1,7,3,1,1,0,27,7,1,1,0,0,1,1
67,3,0.75,0.25,0.25,1,272,1,4,5,4,0,1,1,121,9,1,0,0,1,1,1
61,3,0.5,0.5,1.0,1,162,1,2,8,3,0,1,1,121,1,1,1,0,0,1,1
86,4,0.75,0.25,0.75,1,206,1,3,7,1,1,1,1,82,12,4,1,0,0,1,1
66,3,0.75,0.25,1.0,1,220,1,2,7,4,1,1,1,42,8,5,0,0,1,1,1
64,3,0.5,0.5,0.5,1,152,1,2,8,2,1,1,1,39,4,1,0,1,0,1,1
62,3,0.75,0.25,0.75,1,168,1,1,4,3,0,1,0,37,5,1,0,0,1,1,1
67,3,0.75,0.25,0.25,1,246,1,2,7,2,0,1,1,64,5,1,1,0,0,1,1
61,3,0.75,0.25,0.75,1,185,1,2,8,2,1,1,1,72,1,3,1,0,0,1,1
72,3,0.75,0.25,0.75,1,253,1,1,8,2,1,1,0,30,14,4,1,0,0,1,1
58,3,0.75,0.25,0.75,1,191,1,1,6,2,1,1,0,89,12,1,1,0,0,1,1
63,3,0.75,0.25,0.75,1,137,1,1,7,3,1,1,0,33,13,5,1,0,0,1,1
88,4,0.75,0.25,0.5,1,240,1,3,8,3,0,1,1,100,5,2,1,0,0,1,1
60,3,0.5,0.5,0.75,1,165,1,1,8,1,1,1,0,21,8,1,0,0,1,1,1
75,3,0.75,0.25,0.25,1,308,1,2,8,1,1,1,1,102,7,1,0,0,1,1,1
65,3,0.75,0.25,0.75,1,182,1,1,7,4,1,1,0,36,7,1,0,0,1,1,1
71,3,0.5,0.5,1.0,1,274,1,2,5,3,1,1,1,60,9,2,1,0,0,1,1
68,3,0.75,0.25,0.75,1,295,1,2,7,4,0,1,1,38,7,5,1,0,0,1,1
83,4,0.75,0.25,0.25,1,228,1,1,5,3,1,1,0,51,11,3,1,0,0,1,1
59,3,0.75,0.25,0.25,1,126,1,3,7,3,1,1,1,80,1,1,0,1,0,1,1
69,3,0.75,0.25,0.75,1,299,1,1,7,4,0,1,0,32,3,5,0,0,1,1,1
66,3,0.75,0.25,1.0,1,170,1,1,8,3,1,1,0,46,13,1,1,0,0,1,1
69,3,0.75,0.25,0.5,1,290,1,2,6,2,1,1,1,71,13,1,1,0,0,1,1
60,3,0.75,0.25,0.25,1,162,1,2,5,3,0,1,1,61,12,1,1,0,0,1,1
71,3,0.5,0.5,0.75,1,295,1,1,3,1,0,1,0,52,6,1,1,0,0,1,1
71,3,0.75,0.25,0.75,1,301,1,1,6,2,1,1,0,23,7,5,1,0,0,1,1
70,3,0.5,0.5,0.5,1,267,1,1,6,3,1,1,0,23,1,1,1,0,0,1,1
61,3,0.75,0.25,0.25,1,132,1,2,6,1,0,1,1,59,4,5,1,0,0,1,1
64,3,0.25,0.75,0.25,1,192,1,3,7,3,1,1,1,116,11,3,1,0,0,1,1
65,3,0.75,0.25,0.75,1,279,1,3,8,3,1,1,1,88,5,1,1,0,0,1,1
81,4,1.0,0.0,0.25,1,275,1,3,3,2,1,1,1,98,7,1,0,0,1,1,1
76,4,0.75,0.25,0.5,1,172,1,2,5,1,1,1,1,40,2,1,0,1,0,1,1
69,3,0.75,0.25,0.5,1,294,1,1,7,3,0,1,0,64,7,2,1,0,0,1,1
65,3,0.75,0.25,0.75,1,241,1,1,7,4,1,1,0,37,11,5,1,0,0,1,1
58,3,0.75,0.25,1.0,1,137,1,1,7,3,1,1,0,25,9,1,1,0,0,1,1
56,3,0.75,0.25,0.75,1,240,1,4,7,2,1,1,1,59,8,2,0,0,1,1,1
62,3,0.75,0.25,0.25,1,222,1,1,8,3,1,1,0,27,13,1,1,0,0,1,0
69,3,0.5,0.5,0.75,1,228,1,3,8,2,1,1,1,68,4,1,0,0,1,1,1
60,3,0.75,0.25,0.5,1,173,1,2,6,2,1,1,1,44,5,5,0,0,1,1,1
88,4,0.75,0.25,0.25,1,328,1,2,4,2,1,1,1,89,9,1,1,0,0,1,1
64,3,0.75,0.25,0.5,1,300,1,1,6,1,1,1,0,28,7,5,1,0,0,1,0
70,3,0.75,0.25,0.25,1,206,1,4,7,4,1,1,1,121,14,5,1,0,0,1,1
62,3,0.75,0.25,1.0,1,185,1,1,3,3,1,1,0,69,1,5,1,0,0,1,0
88,4,0.5,0.5,0.75,1,309,1,4,7,1,0,1,1,122,2,1,1,0,0,1,1
91,4,0.5,0.5,1.0,1,244,1,2,6,4,0,1,1,62,5,1,1,0,0,1,1
92,4,0.25,0.75,0.25,1,287,1,2,8,1,0,1,1,93,7,1,1,0,0,1,1
64,3,0.5,0.5,0.75,1,205,1,2,4,3,1,1,1,38,13,2,1,0,0,1,1
63,3,0.75,0.25,1.0,1,254,1,1,8,1,1,1,0,41,7,1,1,0,0,1,1
67,3,0.75,0.25,0.75,1,289,1,3,5,2,0,1,1,64,7,1,1,0,0,1,1
64,3,0.75,0.25,0.75,1,183,1,2,6,3,1,1,1,61,3,1,0,0,1,1,1
68,3,0.75,0.25,1.0,1,281,1,2,6,4,1,1,1,53,7,5,1,0,0,1,0
67,3,0.5,0.5,0.25,1,270,1,2,6,4,0,1,1,55,8,4,1,0,0,1,1
70,3,0.75,0.25,0.75,1,230,1,2,8,4,0,1,1,58,9,5,0,0,1,1,1
68,3,0.5,0.5,1.0,1,293,1,1,4,1,1,1,0,28,9,2,1,0,0,1,1
75,3,0.75,0.25,1.0,1,312,1,2,7,1,0,1,1,67,7,1,1,0,0,1,1
69,3,0.75,0.25,0.5,1,304,1,1,8,4,1,1,0,39,3,2,1,0,0,1,1
74,3,0.25,0.75,1.0,1,240,1,1,4,4,1,1,0,41,3,1,0,1,0,1,1
63,3,0.5,0.5,0.25,1,155,1,2,4,2,0,1,1,41,3,4,0,0,1,1,1
71,3,0.5,0.5,0.5,1,269,1,1,5,1,0,1,0,41,9,1,1,0,0,1,1
63,3,0.5,0.5,0.5,1,233,1,3,7,3,0,1,1,34,12,4,1,0,0,1,0
57,3,0.5,0.5,0.25,1,118,1,4,8,1,0,1,1,110,13,1,1,0,0,1,1
67,3,0.75,0.25,0.5,1,256,1,2,7,1,1,1,1,70,5,1,1,0,0,1,1
68,3,0.5,0.5,1.0,1,209,1,1,7,4,1,1,0,36,2,1,1,0,0,1,1
62,3,1.0,0.0,0.75,1,159,1,2,5,2,0,1,1,45,9,4,0,0,1,1,1
55,3,0.5,0.5,0.25,1,73,1,3,6,1,1,1,1,48,1,4,1,0,0,1,1
80,4,1.0,0.0,0.5,1,281,1,2,4,3,1,1,1,47,9,1,0,1,0,1,1
61,3,0.5,0.5,1.0,1,214,1,2,5,2,1,1,1,64,6,2,1,0,0,1,1
60,3,1.0,0.0,0.25,1,249,1,2,4,3,1,1,1,40,12,2,0,0,1,1,1
